stage,region,school,team,role,sample_games,alive_seconds,valid_points,central_highland_step_status,central_highland_step_confidence,central_highland_step_manual_confirmed,central_highland_step_official_events,central_highland_step_official_games,central_highland_step_trajectory_crossings,central_highland_step_trajectory_games,road_step_status,road_step_confidence,road_step_manual_confirmed,road_step_official_events,road_step_official_games,road_step_trajectory_crossings,road_step_trajectory_games,fly_ramp_status,fly_ramp_confidence,fly_ramp_manual_confirmed,fly_ramp_official_events,fly_ramp_official_games,fly_ramp_trajectory_crossings,fly_ramp_trajectory_games,fly_ramp_forward_crossings,fly_ramp_forward_games,fly_ramp_reverse_crossings,fly_ramp_reverse_games,rough_road_status,rough_road_confidence,rough_road_manual_confirmed,rough_road_official_events,rough_road_official_games,rough_road_trajectory_crossings,rough_road_trajectory_games,road_tunnel_status,road_tunnel_confidence,road_tunnel_manual_confirmed,road_tunnel_official_events,road_tunnel_official_games,road_tunnel_trajectory_crossings,road_tunnel_trajectory_games,highland_tunnel_status,highland_tunnel_confidence,highland_tunnel_manual_confirmed,highland_tunnel_official_events,highland_tunnel_official_games,highland_tunnel_trajectory_crossings,highland_tunnel_trajectory_games,slope_43_status,slope_43_confidence,slope_43_manual_confirmed,slope_43_official_events,slope_43_official_games,slope_43_trajectory_crossings,slope_43_trajectory_games,trapezoid_highland_step_status,trapezoid_highland_step_confidence,trapezoid_highland_step_manual_confirmed,trapezoid_highland_step_official_events,trapezoid_highland_step_official_games,trapezoid_highland_step_trajectory_crossings,trapezoid_highland_step_trajectory_games,central_highland_400mm_jump_status,central_highland_400mm_jump_confidence,central_highland_400mm_jump_manual_confirmed,central_highland_400mm_jump_official_events,central_highland_400mm_jump_official_games,central_highland_400mm_jump_trajectory_crossings,central_highland_400mm_jump_trajectory_games
全国赛直通,南部赛区,华南农业大学,Taurus,英雄,20,7673,8212,已证实,0.99,False,10,7,19,8,已证实,0.975,False,3,3,5,4,未观察到,0.1,False,0,0,0,0,0,0,0,0,未观察到,0.1,False,0,0,0,0,未观察到,0.1,False,0,0,0,0,未观察到,0.1,False,0,0,0,0,未观察到,0.1,False,0,0,0,0,弱迹象,0.4,False,0,0,1,1,未观察到,0.1,False,0,0,0,0
全国赛直通,南部赛区,华南农业大学,Taurus,工程,20,7725,8212,未观察到,0.1,False,0,0,0,0,未观察到,0.1,False,0,0,0,0,未观察到,0.1,False,0,0,0,0,0,0,0,0,较强迹象,0.8,False,0,0,39,18,未观察到,0.1,False,0,0,0,0,未观察到,0.1,False,0,0,0,0,未观察到,0.1,False,0,0,0,0,未观察到,0.1,False,0,0,0,0,未观察到,0.1,False,0,0,0,0
全国赛直通,南部赛区,华南农业大学,Taurus,步兵3,17,6356,6857,未观察到,0.1,False,0,0,0,0,弱迹象,0.4,False,0,0,1,1,已证实,0.975,False,3,3,0,0,0,0,0,0,未观察到,0.1,False,0,0,0,0,较强迹象,0.8,False,0,0,28,12,较强迹象,0.8,False,0,0,33,15,未观察到,0.1,False,0,0,0,0,未观察到,0.1,False,0,0,0,0,未观察到,0.1,False,0,0,0,0
全国赛直通,南部赛区,华南农业大学,Taurus,步兵4,20,7185,8184,已证实,0.99,False,30,14,36,14,已证实,0.99,False,13,7,32,13,已证实,0.99,False,13,9,3,3,3,3,0,0,未观察到,0.1,False,0,0,0,0,未观察到,0.1,False,0,0,0,0,可能具备,0.65,False,0,0,2,2,未观察到,0.1,False,0,0,0,0,未观察到,0.1,False,0,0,0,0,未观察到,0.1,False,0,0,0,0
全国赛直通,南部赛区,华南农业大学,Taurus,哨兵,20,7341,7592,未观察到,0.1,False,0,0,0,0,未观察到,0.1,False,0,0,0,0,未观察到,0.1,False,0,0,0,0,0,0,0,0,未观察到,0.1,False,0,0,0,0,未观察到,0.1,False,0,0,0,0,未观察到,0.1,False,0,0,0,0,未观察到,0.1,False,0,0,0,0,未观察到,0.1,False,0,0,0,0,未观察到,0.1,False,0,0,0,0
全国赛直通,南部赛区,五邑大学,IMCA,英雄,15,5625,6153,未观察到,0.1,False,0,0,0,0,可能具备,0.65,False,0,0,2,2,未观察到,0.1,False,0,0,0,0,0,0,0,0,较强迹象,0.8,False,0,0,7,6,未观察到,0.1,False,0,0,0,0,未观察到,0.1,False,0,0,0,0,较强迹象,0.8,False,0,0,14,12,未观察到,0.1,False,0,0,0,0,未观察到,0.1,False,0,0,0,0
全国赛直通,南部赛区,五邑大学,IMCA,工程,15,5946,6150,已证实,0.99,False,11,10,10,8,已证实,0.99,False,6,6,10,9,未观察到,0.1,False,0,0,0,0,0,0,0,0,未观察到,0.1,False,0,0,0,0,未观察到,0.1,False,0,0,0,0,未观察到,0.1,False,0,0,0,0,未观察到,0.1,False,0,0,0,0,未观察到,0.1,False,0,0,0,0,未观察到,0.1,False,0,0,0,0
全国赛直通,南部赛区,五邑大学,IMCA,步兵3,15,5252,6151,已证实,0.99,False,32,13,20,10,已证实,0.945,False,1,1,25,12,已证实,0.99,False,11,9,9,6,9,6,0,0,未观察到,0.1,False,0,0,0,0,弱迹象,0.4,False,0,0,1,1,较强迹象,0.8,False,0,0,8,5,弱迹象,0.4,False,0,0,1,1,弱迹象,0.4,False,0,0,1,1,未观察到,0.1,False,0,0,0,0
全国赛直通,南部赛区,五邑大学,IMCA,步兵4,15,5428,6150,未观察到,0.1,False,0,0,0,0,较强迹象,0.8,False,0,0,11,9,未观察到,0.1,False,0,0,0,0,0,0,0,0,未观察到,0.1,False,0,0,0,0,较强迹象,0.8,False,0,0,13,9,较强迹象,0.8,False,0,0,22,11,未观察到,0.1,False,0,0,0,0,未观察到,0.1,False,0,0,0,0,未观察到,0.1,False,0,0,0,0
全国赛直通,南部赛区,五邑大学,IMCA,哨兵,15,5920,6016,未观察到,0.1,False,0,0,0,0,未观察到,0.1,False,0,0,0,0,未观察到,0.1,False,0,0,0,0,0,0,0,0,未观察到,0.1,False,0,0,0,0,未观察到,0.1,False,0,0,0,0,未观察到,0.1,False,0,0,0,0,未观察到,0.1,False,0,0,0,0,未观察到,0.1,False,0,0,0,0,未观察到,0.1,False,0,0,0,0
全国赛直通,南部赛区,广州城市理工学院,野狼,英雄,20,7859,8376,未观察到,0.1,False,0,0,0,0,未观察到,0.1,False,0,0,0,0,未观察到,0.1,False,0,0,0,0,0,0,0,0,未观察到,0.1,False,0,0,0,0,未观察到,0.1,False,0,0,0,0,未观察到,0.1,False,0,0,0,0,可能具备,0.65,False,0,0,2,2,较强迹象,0.8,False,0,0,20,16,未观察到,0.1,False,0,0,0,0
全国赛直通,南部赛区,广州城市理工学院,野狼,工程,20,7799,8360,较强迹象,0.8,False,0,0,11,10,已证实,0.99,False,31,16,36,16,未观察到,0.1,False,0,0,0,0,0,0,0,0,可能具备,0.65,False,0,0,2,1,未观察到,0.1,False,0,0,0,0,未观察到,0.1,False,0,0,0,0,未观察到,0.1,False,0,0,0,0,未观察到,0.1,False,0,0,0,0,未观察到,0.1,False,0,0,0,0
全国赛直通,南部赛区,广州城市理工学院,野狼,步兵3,20,6811,8308,可能具备,0.65,False,0,0,2,2,可能具备,0.65,False,0,0,3,1,已证实,0.975,False,3,3,0,0,0,0,0,0,未观察到,0.1,False,0,0,0,0,较强迹象,0.8,False,0,0,35,15,较强迹象,0.8,False,0,0,41,15,未观察到,0.1,False,0,0,0,0,未观察到,0.1,False,0,0,0,0,未观察到,0.1,False,0,0,0,0
全国赛直通,南部赛区,广州城市理工学院,野狼,步兵4,20,6757,8365,已证实,0.945,False,1,1,16,9,已证实,0.945,False,1,1,12,10,已证实,0.99,False,12,8,2,2,2,2,0,0,未观察到,0.1,False,0,0,0,0,未观察到,0.1,False,0,0,0,0,弱迹象,0.4,False,0,0,1,1,未观察到,0.1,False,0,0,0,0,未观察到,0.1,False,0,0,0,0,未观察到,0.1,False,0,0,0,0
全国赛直通,南部赛区,广州城市理工学院,野狼,哨兵,20,7517,8317,未观察到,0.1,False,0,0,0,0,未观察到,0.1,False,0,0,0,0,未观察到,0.1,False,0,0,0,0,0,0,0,0,未观察到,0.1,False,0,0,0,0,未观察到,0.1,False,0,0,0,0,未观察到,0.1,False,0,0,0,0,未观察到,0.1,False,0,0,0,0,未观察到,0.1,False,0,0,0,0,未观察到,0.1,False,0,0,0,0
全国赛直通,南部赛区,东莞理工学院,ACE,英雄,22,8356,9136,未观察到,0.1,False,0,0,0,0,未观察到,0.1,False,0,0,0,0,未观察到,0.1,False,0,0,0,0,0,0,0,0,未观察到,0.1,False,0,0,0,0,未观察到,0.1,False,0,0,0,0,未观察到,0.1,False,0,0,0,0,未观察到,0.1,False,0,0,0,0,未观察到,0.1,False,0,0,0,0,未观察到,0.1,False,0,0,0,0
全国赛直通,南部赛区,东莞理工学院,ACE,工程,22,7814,8982,已证实,0.99,False,27,17,66,21,已证实,0.96,False,2,2,6,4,未观察到,0.1,False,0,0,0,0,0,0,0,0,未观察到,0.1,False,0,0,0,0,未观察到,0.1,False,0,0,0,0,未观察到,0.1,False,0,0,0,0,未观察到,0.1,False,0,0,0,0,未观察到,0.1,False,0,0,0,0,未观察到,0.1,False,0,0,0,0
全国赛直通,南部赛区,东莞理工学院,ACE,步兵3,22,8622,9131,未观察到,0.1,False,0,0,0,0,较强迹象,0.8,False,0,0,5,4,已证实,0.99,False,4,4,3,3,3,3,0,0,未观察到,0.1,False,0,0,0,0,未观察到,0.1,False,0,0,0,0,未观察到,0.1,False,0,0,0,0,未观察到,0.1,False,0,0,0,0,未观察到,0.1,False,0,0,0,0,未观察到,0.1,False,0,0,0,0
全国赛直通,南部赛区,东莞理工学院,ACE,步兵4,21,7579,8594,已证实,0.945,False,1,1,0,0,已证实,0.99,False,12,9,23,12,已证实,0.99,False,6,6,1,1,1,1,0,0,未观察到,0.1,False,0,0,0,0,未观察到,0.1,False,0,0,0,0,未观察到,0.1,False,0,0,0,0,未观察到,0.1,False,0,0,0,0,未观察到,0.1,False,0,0,0,0,未观察到,0.1,False,0,0,0,0
全国赛直通,南部赛区,东莞理工学院,ACE,哨兵,22,8920,9150,未观察到,0.1,False,0,0,0,0,已证实,0.945,False,1,1,1,1,未观察到,0.1,False,0,0,0,0,0,0,0,0,未观察到,0.1,False,0,0,0,0,未观察到,0.1,False,0,0,0,0,未观察到,0.1,False,0,0,0,0,未观察到,0.1,False,0,0,0,0,未观察到,0.1,False,0,0,0,0,未观察到,0.1,False,0,0,0,0
全国赛直通,南部赛区,电子科技大学中山学院,RoboBraver,英雄,13,4860,5439,未观察到,0.1,False,0,0,0,0,较强迹象,0.8,False,0,0,3,2,未观察到,0.1,False,0,0,0,0,0,0,0,0,较强迹象,0.8,False,0,0,12,6,未观察到,0.1,False,0,0,0,0,未观察到,0.1,False,0,0,0,0,未观察到,0.1,False,0,0,0,0,未观察到,0.1,False,0,0,0,0,未观察到,0.1,False,0,0,0,0
全国赛直通,南部赛区,电子科技大学中山学院,RoboBraver,工程,13,4938,5392,较强迹象,0.8,False,0,0,3,3,较强迹象,0.8,False,0,0,4,4,未观察到,0.1,False,0,0,0,0,0,0,0,0,未观察到,0.1,False,0,0,0,0,未观察到,0.1,False,0,0,0,0,未观察到,0.1,False,0,0,0,0,未观察到,0.1,False,0,0,0,0,未观察到,0.1,False,0,0,0,0,未观察到,0.1,False,0,0,0,0
全国赛直通,南部赛区,电子科技大学中山学院,RoboBraver,步兵3,13,4858,5431,弱迹象,0.4,False,0,0,1,1,较强迹象,0.8,False,0,0,10,7,未观察到,0.1,False,0,0,0,0,0,0,0,0,较强迹象,0.8,False,0,0,12,8,未观察到,0.1,False,0,0,0,0,未观察到,0.1,False,0,0,0,0,未观察到,0.1,False,0,0,0,0,未观察到,0.1,False,0,0,0,0,未观察到,0.1,False,0,0,0,0
全国赛直通,南部赛区,电子科技大学中山学院,RoboBraver,步兵4,13,4920,5444,已证实,0.99,False,7,6,13,10,已证实,0.99,False,10,6,8,5,未观察到,0.1,False,0,0,0,0,0,0,0,0,弱迹象,0.4,False,0,0,1,1,未观察到,0.1,False,0,0,0,0,未观察到,0.1,False,0,0,0,0,未观察到,0.1,False,0,0,0,0,未观察到,0.1,False,0,0,0,0,未观察到,0.1,False,0,0,0,0
全国赛直通,南部赛区,电子科技大学中山学院,RoboBraver,哨兵,13,4756,5377,未观察到,0.1,False,0,0,0,0,未观察到,0.1,False,0,0,0,0,未观察到,0.1,False,0,0,0,0,0,0,0,0,弱迹象,0.4,False,0,0,1,1,未观察到,0.1,False,0,0,0,0,未观察到,0.1,False,0,0,0,0,未观察到,0.1,False,0,0,0,0,未观察到,0.1,False,0,0,0,0,未观察到,0.1,False,0,0,0,0
全国赛直通,南部赛区,华南理工大学,华南虎,英雄,17,6624,7082,已证实,0.99,False,32,14,32,15,已证实,0.945,False,1,1,12,8,未观察到,0.1,False,0,0,0,0,0,0,0,0,未观察到,0.1,False,0,0,0,0,未观察到,0.1,False,0,0,0,0,未观察到,0.1,False,0,0,0,0,未观察到,0.1,False,0,0,0,0,未观察到,0.1,False,0,0,0,0,未观察到,0.1,False,0,0,0,0
全国赛直通,南部赛区,华南理工大学,华南虎,工程,17,6616,7110,已证实,0.96,False,3,2,8,6,已证实,0.99,False,23,14,17,11,未观察到,0.1,False,0,0,0,0,0,0,0,0,弱迹象,0.4,False,0,0,1,1,未观察到,0.1,False,0,0,0,0,未观察到,0.1,False,0,0,0,0,未观察到,0.1,False,0,0,0,0,未观察到,0.1,False,0,0,0,0,未观察到,0.1,False,0,0,0,0
全国赛直通,南部赛区,华南理工大学,华南虎,步兵3,17,6566,7033,已证实,0.99,False,30,15,32,15,已证实,0.99,False,6,5,32,13,已证实,0.99,False,11,6,7,6,7,6,0,0,未观察到,0.1,False,0,0,0,0,未观察到,0.1,False,0,0,0,0,较强迹象,0.8,False,0,0,5,4,未观察到,0.1,False,0,0,0,0,可能具备,0.65,False,0,0,2,2,未观察到,0.1,False,0,0,0,0
全国赛直通,南部赛区,华南理工大学,华南虎,步兵4,17,6078,7115,已证实,0.99,False,21,12,25,12,已证实,0.96,False,4,2,29,13,已证实,0.99,False,7,5,4,4,4,4,0,0,未观察到,0.1,False,0,0,0,0,未观察到,0.1,False,0,0,0,0,可能具备,0.65,False,0,0,2,2,未观察到,0.1,False,0,0,0,0,未观察到,0.1,False,0,0,0,0,未观察到,0.1,False,0,0,0,0
全国赛直通,南部赛区,华南理工大学,华南虎,哨兵,17,6571,7115,未观察到,0.1,False,0,0,0,0,弱迹象,0.4,False,0,0,1,1,未观察到,0.1,False,0,0,0,0,0,0,0,0,可能具备,0.65,False,0,0,2,2,未观察到,0.1,False,0,0,0,0,未观察到,0.1,False,0,0,0,0,未观察到,0.1,False,0,0,0,0,未观察到,0.1,False,0,0,0,0,未观察到,0.1,False,0,0,0,0
全国赛直通,南部赛区,上海交通大学,交龙,英雄,11,4079,4533,已证实,0.99,False,4,4,7,6,已证实,0.99,False,7,7,15,8,已证实,0.99,False,9,6,4,4,4,4,0,0,未观察到,0.1,False,0,0,0,0,未观察到,0.1,False,0,0,0,0,未观察到,0.1,False,0,0,0,0,未观察到,0.1,False,0,0,0,0,未观察到,0.1,False,0,0,0,0,人工确认,1.0,True,0,0,0,0
全国赛直通,南部赛区,上海交通大学,交龙,工程,11,4600,4600,未观察到,0.1,False,0,0,0,0,已证实,0.96,False,8,2,16,5,未观察到,0.1,False,0,0,0,0,0,0,0,0,较强迹象,0.8,False,0,0,15,6,未观察到,0.1,False,0,0,0,0,未观察到,0.1,False,0,0,0,0,未观察到,0.1,False,0,0,0,0,未观察到,0.1,False,0,0,0,0,未观察到,0.1,False,0,0,0,0
全国赛直通,南部赛区,上海交通大学,交龙,步兵3,11,4113,4550,已证实,0.99,False,16,9,33,11,已证实,0.96,False,2,2,16,10,已证实,0.99,False,22,10,8,6,6,5,2,2,未观察到,0.1,False,0,0,0,0,未观察到,0.1,False,0,0,0,0,可能具备,0.65,False,0,0,2,2,未观察到,0.1,False,0,0,0,0,可能具备,0.65,False,0,0,2,1,人工确认,1.0,True,0,0,2,2
全国赛直通,南部赛区,上海交通大学,交龙,步兵4,11,3848,4596,已证实,0.99,False,9,5,24,7,已证实,0.99,False,24,7,25,7,已证实,0.99,False,20,9,13,6,8,6,5,2,未观察到,0.1,False,0,0,0,0,未观察到,0.1,False,0,0,0,0,较强迹象,0.8,False,0,0,7,3,未观察到,0.1,False,0,0,0,0,未观察到,0.1,False,0,0,0,0,人工确认,1.0,True,0,0,0,0
全国赛直通,南部赛区,上海交通大学,交龙,哨兵,11,4164,4608,已证实,0.945,False,1,1,1,1,已证实,0.96,False,2,2,1,1,未观察到,0.1,False,0,0,0,0,0,0,0,0,未观察到,0.1,False,0,0,0,0,未观察到,0.1,False,0,0,0,0,未观察到,0.1,False,0,0,0,0,未观察到,0.1,False,0,0,0,0,未观察到,0.1,False,0,0,0,0,未观察到,0.1,False,0,0,0,0
全国赛直通,南部赛区,仲恺农业工程学院,奇点,英雄,11,3894,4609,已证实,0.99,False,9,6,15,8,已证实,0.99,False,6,5,4,3,未观察到,0.1,False,0,0,0,0,0,0,0,0,未观察到,0.1,False,0,0,0,0,未观察到,0.1,False,0,0,0,0,未观察到,0.1,False,0,0,0,0,未观察到,0.1,False,0,0,0,0,未观察到,0.1,False,0,0,0,0,未观察到,0.1,False,0,0,0,0
全国赛直通,南部赛区,仲恺农业工程学院,奇点,工程,12,4919,4976,未观察到,0.1,False,0,0,0,0,较强迹象,0.8,False,0,0,7,5,未观察到,0.1,False,0,0,0,0,0,0,0,0,较强迹象,0.8,False,0,0,27,12,未观察到,0.1,False,0,0,0,0,未观察到,0.1,False,0,0,0,0,未观察到,0.1,False,0,0,0,0,未观察到,0.1,False,0,0,0,0,未观察到,0.1,False,0,0,0,0
全国赛直通,南部赛区,仲恺农业工程学院,奇点,步兵3,12,4595,5026,已证实,0.99,False,14,9,26,10,已证实,0.99,False,5,5,13,7,已证实,0.99,False,7,7,1,1,1,1,0,0,未观察到,0.1,False,0,0,0,0,未观察到,0.1,False,0,0,0,0,弱迹象,0.4,False,0,0,1,1,未观察到,0.1,False,0,0,0,0,未观察到,0.1,False,0,0,0,0,未观察到,0.1,False,0,0,0,0
全国赛直通,南部赛区,仲恺农业工程学院,奇点,步兵4,12,4721,5013,已证实,0.99,False,9,6,19,10,已证实,0.96,False,3,2,21,9,已证实,0.99,False,16,9,5,5,5,5,0,0,未观察到,0.1,False,0,0,0,0,未观察到,0.1,False,0,0,0,0,较强迹象,0.8,False,0,0,5,5,未观察到,0.1,False,0,0,0,0,未观察到,0.1,False,0,0,0,0,未观察到,0.1,False,0,0,0,0
全国赛直通,南部赛区,仲恺农业工程学院,奇点,哨兵,12,5028,5028,未观察到,0.1,False,0,0,0,0,未观察到,0.1,False,0,0,0,0,未观察到,0.1,False,0,0,0,0,0,0,0,0,未观察到,0.1,False,0,0,0,0,未观察到,0.1,False,0,0,0,0,未观察到,0.1,False,0,0,0,0,未观察到,0.1,False,0,0,0,0,未观察到,0.1,False,0,0,0,0,未观察到,0.1,False,0,0,0,0
全国赛直通,南部赛区,深圳大学,RobotPilots,英雄,12,4029,5013,已证实,0.99,False,16,8,21,10,已证实,0.96,False,2,2,14,10,未观察到,0.1,False,0,0,0,0,0,0,0,0,未观察到,0.1,False,0,0,0,0,未观察到,0.1,False,0,0,0,0,未观察到,0.1,False,0,0,0,0,未观察到,0.1,False,0,0,0,0,未观察到,0.1,False,0,0,0,0,未观察到,0.1,False,0,0,0,0
全国赛直通,南部赛区,深圳大学,RobotPilots,工程,13,5242,5405,较强迹象,0.8,False,0,0,6,5,已证实,0.99,False,6,5,6,6,未观察到,0.1,False,0,0,0,0,0,0,0,0,未观察到,0.1,False,0,0,0,0,未观察到,0.1,False,0,0,0,0,未观察到,0.1,False,0,0,0,0,未观察到,0.1,False,0,0,0,0,未观察到,0.1,False,0,0,0,0,未观察到,0.1,False,0,0,0,0
全国赛直通,南部赛区,深圳大学,RobotPilots,步兵3,13,4294,5439,已证实,0.99,False,15,9,21,9,已证实,0.945,False,1,1,21,10,已证实,0.945,False,1,1,2,2,2,2,0,0,未观察到,0.1,False,0,0,0,0,未观察到,0.1,False,0,0,0,0,未观察到,0.1,False,0,0,0,0,未观察到,0.1,False,0,0,0,0,未观察到,0.1,False,0,0,0,0,未观察到,0.1,False,0,0,0,0
全国赛直通,南部赛区,深圳大学,RobotPilots,步兵4,13,4675,5414,已证实,0.99,False,31,11,35,11,较强迹象,0.8,False,0,0,21,11,未观察到,0.1,False,0,0,0,0,0,0,0,0,未观察到,0.1,False,0,0,0,0,未观察到,0.1,False,0,0,0,0,未观察到,0.1,False,0,0,0,0,未观察到,0.1,False,0,0,0,0,未观察到,0.1,False,0,0,0,0,未观察到,0.1,False,0,0,0,0
全国赛直通,南部赛区,深圳大学,RobotPilots,哨兵,13,4466,5441,已证实,0.99,False,13,7,54,12,未观察到,0.1,False,0,0,0,0,未观察到,0.1,False,0,0,0,0,0,0,0,0,未观察到,0.1,False,0,0,0,0,未观察到,0.1,False,0,0,0,0,未观察到,0.1,False,0,0,0,0,未观察到,0.1,False,0,0,0,0,未观察到,0.1,False,0,0,0,0,未观察到,0.1,False,0,0,0,0
全国赛直通,南部赛区,武汉工程大学,Nautilus,英雄,18,7370,7541,未观察到,0.1,False,0,0,0,0,未观察到,0.1,False,0,0,0,0,未观察到,0.1,False,0,0,0,0,0,0,0,0,未观察到,0.1,False,0,0,0,0,未观察到,0.1,False,0,0,0,0,未观察到,0.1,False,0,0,0,0,未观察到,0.1,False,0,0,0,0,较强迹象,0.8,False,0,0,8,8,未观察到,0.1,False,0,0,0,0
全国赛直通,南部赛区,武汉工程大学,Nautilus,工程,18,7422,7529,已证实,0.99,False,28,15,28,15,已证实,0.975,False,3,3,5,5,未观察到,0.1,False,0,0,0,0,0,0,0,0,未观察到,0.1,False,0,0,0,0,未观察到,0.1,False,0,0,0,0,未观察到,0.1,False,0,0,0,0,未观察到,0.1,False,0,0,0,0,未观察到,0.1,False,0,0,0,0,未观察到,0.1,False,0,0,0,0
全国赛直通,南部赛区,武汉工程大学,Nautilus,步兵3,18,6893,7510,已证实,0.99,False,9,7,15,8,已证实,0.99,False,19,10,20,11,已证实,0.99,False,8,6,5,5,5,5,0,0,未观察到,0.1,False,0,0,0,0,弱迹象,0.4,False,0,0,1,1,较强迹象,0.8,False,0,0,3,2,未观察到,0.1,False,0,0,0,0,弱迹象,0.4,False,0,0,1,1,未观察到,0.1,False,0,0,0,0
全国赛直通,南部赛区,武汉工程大学,Nautilus,步兵4,18,7053,7513,未观察到,0.1,False,0,0,0,0,未观察到,0.1,False,0,0,0,0,未观察到,0.1,False,0,0,0,0,0,0,0,0,未观察到,0.1,False,0,0,0,0,较强迹象,0.8,False,0,0,26,11,较强迹象,0.8,False,0,0,71,16,未观察到,0.1,False,0,0,0,0,未观察到,0.1,False,0,0,0,0,未观察到,0.1,False,0,0,0,0
全国赛直通,南部赛区,武汉工程大学,Nautilus,哨兵,18,7263,7484,未观察到,0.1,False,0,0,0,0,未观察到,0.1,False,0,0,0,0,未观察到,0.1,False,0,0,0,0,0,0,0,0,未观察到,0.1,False,0,0,0,0,未观察到,0.1,False,0,0,0,0,较强迹象,0.8,False,0,0,7,4,未观察到,0.1,False,0,0,0,0,未观察到,0.1,False,0,0,0,0,未观察到,0.1,False,0,0,0,0
全国赛直通,东部赛区,中国石油大学（华东）,RPS,英雄,16,6064,6626,已证实,0.99,False,20,8,26,11,已证实,0.99,False,5,5,36,13,已证实,0.99,False,27,14,12,7,12,7,0,0,未观察到,0.1,False,0,0,0,0,未观察到,0.1,False,0,0,0,0,未观察到,0.1,False,0,0,0,0,未观察到,0.1,False,0,0,0,0,未观察到,0.1,False,0,0,0,0,人工确认,1.0,True,0,0,0,0
全国赛直通,东部赛区,中国石油大学（华东）,RPS,工程,14,5640,5823,未观察到,0.1,False,0,0,0,0,未观察到,0.1,False,0,0,0,0,未观察到,0.1,False,0,0,0,0,0,0,0,0,较强迹象,0.8,False,0,0,20,12,未观察到,0.1,False,0,0,0,0,未观察到,0.1,False,0,0,0,0,未观察到,0.1,False,0,0,0,0,未观察到,0.1,False,0,0,0,0,未观察到,0.1,False,0,0,0,0
全国赛直通,东部赛区,中国石油大学（华东）,RPS,步兵3,16,6075,6615,已证实,0.96,False,2,2,23,11,已证实,0.99,False,21,12,32,14,已证实,0.99,False,48,16,22,13,10,8,12,9,未观察到,0.1,False,0,0,0,0,未观察到,0.1,False,0,0,0,0,较强迹象,0.8,False,0,0,7,6,未观察到,0.1,False,0,0,0,0,可能具备,0.65,False,0,0,2,1,人工确认,1.0,True,0,0,1,1
全国赛直通,东部赛区,中国石油大学（华东）,RPS,步兵4,16,5877,6646,已证实,0.975,False,4,3,21,10,已证实,0.96,False,2,2,57,15,已证实,0.99,False,48,14,15,8,15,8,0,0,未观察到,0.1,False,0,0,0,0,未观察到,0.1,False,0,0,0,0,较强迹象,0.8,False,0,0,5,5,未观察到,0.1,False,0,0,0,0,较强迹象,0.8,False,0,0,6,2,人工确认,1.0,True,0,0,0,0
全国赛直通,东部赛区,中国石油大学（华东）,RPS,哨兵,16,6499,6652,未观察到,0.1,False,0,0,0,0,未观察到,0.1,False,0,0,0,0,未观察到,0.1,False,0,0,0,0,0,0,0,0,较强迹象,0.8,False,0,0,31,10,未观察到,0.1,False,0,0,0,0,未观察到,0.1,False,0,0,0,0,未观察到,0.1,False,0,0,0,0,未观察到,0.1,False,0,0,0,0,未观察到,0.1,False,0,0,0,0
全国赛直通,东部赛区,山东科技大学,SmartRobot,英雄,17,6545,7119,未观察到,0.1,False,0,0,0,0,未观察到,0.1,False,0,0,0,0,未观察到,0.1,False,0,0,0,0,0,0,0,0,弱迹象,0.4,False,0,0,1,1,未观察到,0.1,False,0,0,0,0,未观察到,0.1,False,0,0,0,0,较强迹象,0.8,False,0,0,10,9,弱迹象,0.4,False,0,0,1,1,未观察到,0.1,False,0,0,0,0
全国赛直通,东部赛区,山东科技大学,SmartRobot,工程,17,6539,7096,弱迹象,0.4,False,0,0,1,1,未观察到,0.1,False,0,0,0,0,未观察到,0.1,False,0,0,0,0,0,0,0,0,较强迹象,0.8,False,0,0,15,13,未观察到,0.1,False,0,0,0,0,未观察到,0.1,False,0,0,0,0,未观察到,0.1,False,0,0,0,0,未观察到,0.1,False,0,0,0,0,未观察到,0.1,False,0,0,0,0
全国赛直通,东部赛区,山东科技大学,SmartRobot,步兵3,17,6338,7041,已证实,0.99,False,10,7,12,6,已证实,0.99,False,9,6,26,9,已证实,0.945,False,1,1,1,1,1,1,0,0,未观察到,0.1,False,0,0,0,0,未观察到,0.1,False,0,0,0,0,未观察到,0.1,False,0,0,0,0,未观察到,0.1,False,0,0,0,0,弱迹象,0.4,False,0,0,1,1,未观察到,0.1,False,0,0,0,0
全国赛直通,东部赛区,山东科技大学,SmartRobot,步兵4,17,6563,7099,已证实,0.99,False,6,5,4,3,已证实,0.99,False,17,9,21,10,已证实,0.96,False,2,2,2,2,2,2,0,0,未观察到,0.1,False,0,0,0,0,未观察到,0.1,False,0,0,0,0,弱迹象,0.4,False,0,0,1,1,未观察到,0.1,False,0,0,0,0,较强迹象,0.8,False,0,0,4,4,弱迹象,0.4,False,0,0,1,1
全国赛直通,东部赛区,山东科技大学,SmartRobot,哨兵,17,6307,6698,未观察到,0.1,False,0,0,0,0,未观察到,0.1,False,0,0,0,0,未观察到,0.1,False,0,0,0,0,0,0,0,0,未观察到,0.1,False,0,0,0,0,未观察到,0.1,False,0,0,0,0,未观察到,0.1,False,0,0,0,0,未观察到,0.1,False,0,0,0,0,未观察到,0.1,False,0,0,0,0,未观察到,0.1,False,0,0,0,0
全国赛直通,东部赛区,合肥工业大学（宣城校区）,WDR,英雄,20,7760,8364,已证实,0.99,False,7,7,1,1,已证实,0.99,False,6,4,12,7,未观察到,0.1,False,0,0,0,0,0,0,0,0,未观察到,0.1,False,0,0,0,0,未观察到,0.1,False,0,0,0,0,未观察到,0.1,False,0,0,0,0,未观察到,0.1,False,0,0,0,0,未观察到,0.1,False,0,0,0,0,未观察到,0.1,False,0,0,0,0
全国赛直通,东部赛区,合肥工业大学（宣城校区）,WDR,工程,19,7601,7878,已证实,0.99,False,10,7,18,14,较强迹象,0.8,False,0,0,21,17,未观察到,0.1,False,0,0,0,0,0,0,0,0,未观察到,0.1,False,0,0,0,0,未观察到,0.1,False,0,0,0,0,未观察到,0.1,False,0,0,0,0,未观察到,0.1,False,0,0,0,0,未观察到,0.1,False,0,0,0,0,未观察到,0.1,False,0,0,0,0
全国赛直通,东部赛区,合肥工业大学（宣城校区）,WDR,步兵3,20,7313,8145,未观察到,0.1,False,0,0,0,0,未观察到,0.1,False,0,0,0,0,已证实,0.99,False,6,4,0,0,0,0,0,0,未观察到,0.1,False,0,0,0,0,较强迹象,0.8,False,0,0,43,20,较强迹象,0.8,False,0,0,57,18,未观察到,0.1,False,0,0,0,0,未观察到,0.1,False,0,0,0,0,未观察到,0.1,False,0,0,0,0
全国赛直通,东部赛区,合肥工业大学（宣城校区）,WDR,步兵4,19,7089,7931,未观察到,0.1,False,0,0,0,0,未观察到,0.1,False,0,0,0,0,未观察到,0.1,False,0,0,0,0,0,0,0,0,未观察到,0.1,False,0,0,0,0,较强迹象,0.8,False,0,0,37,14,较强迹象,0.8,False,0,0,33,12,未观察到,0.1,False,0,0,0,0,未观察到,0.1,False,0,0,0,0,未观察到,0.1,False,0,0,0,0
全国赛直通,东部赛区,合肥工业大学（宣城校区）,WDR,哨兵,19,7854,7961,未观察到,0.1,False,0,0,0,0,未观察到,0.1,False,0,0,0,0,未观察到,0.1,False,0,0,0,0,0,0,0,0,未观察到,0.1,False,0,0,0,0,未观察到,0.1,False,0,0,0,0,未观察到,0.1,False,0,0,0,0,未观察到,0.1,False,0,0,0,0,未观察到,0.1,False,0,0,0,0,未观察到,0.1,False,0,0,0,0
全国赛直通,东部赛区,浙江大学,Hello World,英雄,16,5961,6693,未观察到,0.1,False,0,0,0,0,已证实,0.96,False,3,2,4,2,未观察到,0.1,False,0,0,0,0,0,0,0,0,未观察到,0.1,False,0,0,0,0,未观察到,0.1,False,0,0,0,0,未观察到,0.1,False,0,0,0,0,未观察到,0.1,False,0,0,0,0,未观察到,0.1,False,0,0,0,0,未观察到,0.1,False,0,0,0,0
全国赛直通,东部赛区,浙江大学,Hello World,工程,16,6462,6692,已证实,0.99,False,5,5,11,8,未观察到,0.1,False,0,0,0,0,未观察到,0.1,False,0,0,0,0,0,0,0,0,弱迹象,0.4,False,0,0,1,1,未观察到,0.1,False,0,0,0,0,未观察到,0.1,False,0,0,0,0,未观察到,0.1,False,0,0,0,0,未观察到,0.1,False,0,0,0,0,未观察到,0.1,False,0,0,0,0
全国赛直通,东部赛区,浙江大学,Hello World,步兵3,16,6295,6693,已证实,0.945,False,2,1,3,3,已证实,0.99,False,4,4,13,8,未观察到,0.1,False,0,0,0,0,0,0,0,0,未观察到,0.1,False,0,0,0,0,未观察到,0.1,False,0,0,0,0,未观察到,0.1,False,0,0,0,0,未观察到,0.1,False,0,0,0,0,未观察到,0.1,False,0,0,0,0,未观察到,0.1,False,0,0,0,0
全国赛直通,东部赛区,浙江大学,Hello World,步兵4,16,5905,6630,已证实,0.99,False,6,5,7,6,已证实,0.99,False,7,6,36,15,已证实,0.99,False,5,4,3,3,3,3,0,0,未观察到,0.1,False,0,0,0,0,未观察到,0.1,False,0,0,0,0,未观察到,0.1,False,0,0,0,0,未观察到,0.1,False,0,0,0,0,未观察到,0.1,False,0,0,0,0,未观察到,0.1,False,0,0,0,0
全国赛直通,东部赛区,浙江大学,Hello World,哨兵,14,4743,5722,已证实,0.945,False,1,1,2,1,已证实,0.945,False,1,1,45,11,未观察到,0.1,False,0,0,0,0,0,0,0,0,弱迹象,0.4,False,0,0,1,1,未观察到,0.1,False,0,0,0,0,未观察到,0.1,False,0,0,0,0,未观察到,0.1,False,0,0,0,0,未观察到,0.1,False,0,0,0,0,未观察到,0.1,False,0,0,0,0
全国赛直通,东部赛区,北京理工大学（珠海）,毅恒,英雄,12,4274,4989,未观察到,0.1,False,0,0,0,0,已证实,0.975,False,4,3,2,2,未观察到,0.1,False,0,0,0,0,0,0,0,0,未观察到,0.1,False,0,0,0,0,未观察到,0.1,False,0,0,0,0,未观察到,0.1,False,0,0,0,0,未观察到,0.1,False,0,0,0,0,未观察到,0.1,False,0,0,0,0,未观察到,0.1,False,0,0,0,0
全国赛直通,东部赛区,北京理工大学（珠海）,毅恒,工程,12,4308,4836,未观察到,0.1,False,0,0,0,0,未观察到,0.1,False,0,0,0,0,未观察到,0.1,False,0,0,0,0,0,0,0,0,较强迹象,0.8,False,0,0,3,3,未观察到,0.1,False,0,0,0,0,未观察到,0.1,False,0,0,0,0,未观察到,0.1,False,0,0,0,0,未观察到,0.1,False,0,0,0,0,未观察到,0.1,False,0,0,0,0
全国赛直通,东部赛区,北京理工大学（珠海）,毅恒,步兵3,12,4096,4734,未观察到,0.1,False,0,0,0,0,已证实,0.99,False,10,6,15,5,未观察到,0.1,False,0,0,0,0,0,0,0,0,未观察到,0.1,False,0,0,0,0,未观察到,0.1,False,0,0,0,0,未观察到,0.1,False,0,0,0,0,未观察到,0.1,False,0,0,0,0,未观察到,0.1,False,0,0,0,0,未观察到,0.1,False,0,0,0,0
全国赛直通,东部赛区,北京理工大学（珠海）,毅恒,步兵4,12,4316,5011,已证实,0.975,False,4,3,8,5,较强迹象,0.8,False,0,0,4,2,未观察到,0.1,False,0,0,0,0,0,0,0,0,未观察到,0.1,False,0,0,0,0,未观察到,0.1,False,0,0,0,0,未观察到,0.1,False,0,0,0,0,未观察到,0.1,False,0,0,0,0,未观察到,0.1,False,0,0,0,0,未观察到,0.1,False,0,0,0,0
全国赛直通,东部赛区,北京理工大学（珠海）,毅恒,哨兵,10,3831,4188,未观察到,0.1,False,0,0,0,0,未观察到,0.1,False,0,0,0,0,未观察到,0.1,False,0,0,0,0,0,0,0,0,未观察到,0.1,False,0,0,0,0,未观察到,0.1,False,0,0,0,0,未观察到,0.1,False,0,0,0,0,未观察到,0.1,False,0,0,0,0,未观察到,0.1,False,0,0,0,0,未观察到,0.1,False,0,0,0,0
全国赛直通,东部赛区,哈尔滨工业大学（深圳）,南工骁鹰,英雄,15,5522,6259,未观察到,0.1,False,0,0,0,0,未观察到,0.1,False,0,0,0,0,未观察到,0.1,False,0,0,0,0,0,0,0,0,未观察到,0.1,False,0,0,0,0,未观察到,0.1,False,0,0,0,0,未观察到,0.1,False,0,0,0,0,未观察到,0.1,False,0,0,0,0,未观察到,0.1,False,0,0,0,0,未观察到,0.1,False,0,0,0,0
全国赛直通,东部赛区,哈尔滨工业大学（深圳）,南工骁鹰,工程,15,5780,6245,较强迹象,0.8,False,0,0,5,4,未观察到,0.1,False,0,0,0,0,未观察到,0.1,False,0,0,0,0,0,0,0,0,较强迹象,0.8,False,0,0,20,7,未观察到,0.1,False,0,0,0,0,未观察到,0.1,False,0,0,0,0,未观察到,0.1,False,0,0,0,0,未观察到,0.1,False,0,0,0,0,未观察到,0.1,False,0,0,0,0
全国赛直通,东部赛区,哈尔滨工业大学（深圳）,南工骁鹰,步兵3,15,5138,6184,已证实,0.945,False,2,1,9,4,已证实,0.945,False,1,1,18,10,已证实,0.975,False,3,3,0,0,0,0,0,0,未观察到,0.1,False,0,0,0,0,未观察到,0.1,False,0,0,0,0,未观察到,0.1,False,0,0,0,0,未观察到,0.1,False,0,0,0,0,未观察到,0.1,False,0,0,0,0,未观察到,0.1,False,0,0,0,0
全国赛直通,东部赛区,哈尔滨工业大学（深圳）,南工骁鹰,步兵4,15,5681,6248,未观察到,0.1,False,0,0,0,0,未观察到,0.1,False,0,0,0,0,未观察到,0.1,False,0,0,0,0,0,0,0,0,未观察到,0.1,False,0,0,0,0,较强迹象,0.8,False,0,0,11,7,较强迹象,0.8,False,0,0,46,11,未观察到,0.1,False,0,0,0,0,未观察到,0.1,False,0,0,0,0,未观察到,0.1,False,0,0,0,0
全国赛直通,东部赛区,哈尔滨工业大学（深圳）,南工骁鹰,哨兵,15,5956,6261,未观察到,0.1,False,0,0,0,0,未观察到,0.1,False,0,0,0,0,未观察到,0.1,False,0,0,0,0,0,0,0,0,可能具备,0.65,False,0,0,2,2,未观察到,0.1,False,0,0,0,0,未观察到,0.1,False,0,0,0,0,未观察到,0.1,False,0,0,0,0,未观察到,0.1,False,0,0,0,0,未观察到,0.1,False,0,0,0,0
全国赛直通,东部赛区,华东理工大学,起源,英雄,13,4714,5349,已证实,0.99,False,6,4,10,6,已证实,0.99,False,10,7,6,3,已证实,0.96,False,3,2,0,0,0,0,0,0,未观察到,0.1,False,0,0,0,0,未观察到,0.1,False,0,0,0,0,未观察到,0.1,False,0,0,0,0,未观察到,0.1,False,0,0,0,0,未观察到,0.1,False,0,0,0,0,人工确认,1.0,True,0,0,1,1
全国赛直通,东部赛区,华东理工大学,起源,工程,13,4746,5259,较强迹象,0.8,False,0,0,29,10,已证实,0.99,False,21,7,30,8,未观察到,0.1,False,0,0,0,0,0,0,0,0,未观察到,0.1,False,0,0,0,0,未观察到,0.1,False,0,0,0,0,未观察到,0.1,False,0,0,0,0,未观察到,0.1,False,0,0,0,0,未观察到,0.1,False,0,0,0,0,未观察到,0.1,False,0,0,0,0
全国赛直通,东部赛区,华东理工大学,起源,步兵3,13,4686,5416,已证实,0.99,False,9,7,17,10,已证实,0.99,False,6,5,12,8,已证实,0.99,False,10,7,5,5,3,3,2,2,未观察到,0.1,False,0,0,0,0,未观察到,0.1,False,0,0,0,0,弱迹象,0.4,False,0,0,1,1,未观察到,0.1,False,0,0,0,0,未观察到,0.1,False,0,0,0,0,人工确认,1.0,True,0,0,13,7
全国赛直通,东部赛区,华东理工大学,起源,步兵4,13,4912,5427,较强迹象,0.8,False,0,0,8,7,已证实,0.975,False,4,3,14,8,已证实,0.99,False,8,5,7,3,5,3,2,2,未观察到,0.1,False,0,0,0,0,较强迹象,0.8,False,0,0,3,3,可能具备,0.65,False,0,0,2,2,未观察到,0.1,False,0,0,0,0,未观察到,0.1,False,0,0,0,0,人工确认,1.0,True,0,0,20,12
全国赛直通,东部赛区,华东理工大学,起源,哨兵,12,4745,5008,未观察到,0.1,False,0,0,0,0,未观察到,0.1,False,0,0,0,0,未观察到,0.1,False,0,0,0,0,0,0,0,0,较强迹象,0.8,False,0,0,15,8,未观察到,0.1,False,0,0,0,0,未观察到,0.1,False,0,0,0,0,未观察到,0.1,False,0,0,0,0,未观察到,0.1,False,0,0,0,0,未观察到,0.1,False,0,0,0,0
全国赛直通,东部赛区,南京理工大学,Alliance,英雄,11,4067,4602,较强迹象,0.8,False,0,0,4,3,已证实,0.975,False,3,3,1,1,未观察到,0.1,False,0,0,0,0,0,0,0,0,未观察到,0.1,False,0,0,0,0,未观察到,0.1,False,0,0,0,0,未观察到,0.1,False,0,0,0,0,弱迹象,0.4,False,0,0,1,1,较强迹象,0.8,False,0,0,3,2,未观察到,0.1,False,0,0,0,0
全国赛直通,东部赛区,南京理工大学,Alliance,工程,10,4057,4174,较强迹象,0.8,False,0,0,3,2,已证实,0.945,False,1,1,14,8,未观察到,0.1,False,0,0,0,0,0,0,0,0,未观察到,0.1,False,0,0,0,0,未观察到,0.1,False,0,0,0,0,未观察到,0.1,False,0,0,0,0,未观察到,0.1,False,0,0,0,0,未观察到,0.1,False,0,0,0,0,未观察到,0.1,False,0,0,0,0
全国赛直通,东部赛区,南京理工大学,Alliance,步兵3,10,3791,4148,未观察到,0.1,False,0,0,0,0,弱迹象,0.4,False,0,0,1,1,未观察到,0.1,False,0,0,0,0,0,0,0,0,可能具备,0.65,False,0,0,2,2,较强迹象,0.8,False,0,0,5,3,较强迹象,0.8,False,0,0,24,7,未观察到,0.1,False,0,0,0,0,未观察到,0.1,False,0,0,0,0,未观察到,0.1,False,0,0,0,0
全国赛直通,东部赛区,南京理工大学,Alliance,步兵4,11,4193,4574,未观察到,0.1,False,0,0,0,0,未观察到,0.1,False,0,0,0,0,未观察到,0.1,False,0,0,0,0,0,0,0,0,未观察到,0.1,False,0,0,0,0,较强迹象,0.8,False,0,0,12,7,较强迹象,0.8,False,0,0,21,9,未观察到,0.1,False,0,0,0,0,未观察到,0.1,False,0,0,0,0,未观察到,0.1,False,0,0,0,0
全国赛直通,东部赛区,南京理工大学,Alliance,哨兵,9,3689,3771,未观察到,0.1,False,0,0,0,0,未观察到,0.1,False,0,0,0,0,未观察到,0.1,False,0,0,0,0,0,0,0,0,未观察到,0.1,False,0,0,0,0,未观察到,0.1,False,0,0,0,0,未观察到,0.1,False,0,0,0,0,未观察到,0.1,False,0,0,0,0,未观察到,0.1,False,0,0,0,0,未观察到,0.1,False,0,0,0,0
全国赛直通,北部赛区,东北大学,TDT,英雄,18,6912,7415,已证实,0.99,False,10,8,13,11,已证实,0.99,False,22,14,42,16,已证实,0.99,False,26,12,12,10,10,8,2,2,未观察到,0.1,False,0,0,0,0,未观察到,0.1,False,0,0,0,0,可能具备,0.65,False,0,0,2,2,弱迹象,0.4,False,0,0,1,1,未观察到,0.1,False,0,0,0,0,较强迹象,0.8,False,0,0,12,9
全国赛直通,北部赛区,东北大学,TDT,工程,17,6707,7049,未观察到,0.1,False,0,0,0,0,未观察到,0.1,False,0,0,0,0,未观察到,0.1,False,0,0,0,0,0,0,0,0,未观察到,0.1,False,0,0,0,0,未观察到,0.1,False,0,0,0,0,未观察到,0.1,False,0,0,0,0,未观察到,0.1,False,0,0,0,0,未观察到,0.1,False,0,0,0,0,未观察到,0.1,False,0,0,0,0
全国赛直通,北部赛区,东北大学,TDT,步兵3,18,6357,7437,已证实,0.99,False,7,6,8,6,已证实,0.99,False,10,8,27,13,已证实,0.99,False,20,15,9,9,8,8,1,1,未观察到,0.1,False,0,0,0,0,未观察到,0.1,False,0,0,0,0,未观察到,0.1,False,0,0,0,0,可能具备,0.65,False,0,0,2,2,可能具备,0.65,False,0,0,2,2,较强迹象,0.8,False,0,0,16,11
全国赛直通,北部赛区,东北大学,TDT,步兵4,18,6920,7425,已证实,0.99,False,4,4,21,12,已证实,0.99,False,6,4,31,16,已证实,0.99,False,32,14,14,12,14,12,0,0,未观察到,0.1,False,0,0,0,0,未观察到,0.1,False,0,0,0,0,未观察到,0.1,False,0,0,0,0,未观察到,0.1,False,0,0,0,0,弱迹象,0.4,False,0,0,1,1,较强迹象,0.8,False,0,0,27,13
全国赛直通,北部赛区,东北大学,TDT,哨兵,18,6795,7461,未观察到,0.1,False,0,0,0,0,未观察到,0.1,False,0,0,0,0,未观察到,0.1,False,0,0,0,0,0,0,0,0,未观察到,0.1,False,0,0,0,0,较强迹象,0.8,False,0,0,29,15,较强迹象,0.8,False,0,0,35,16,未观察到,0.1,False,0,0,0,0,未观察到,0.1,False,0,0,0,0,未观察到,0.1,False,0,0,0,0
全国赛直通,北部赛区,哈尔滨工业大学,I Hiter,英雄,21,7518,8710,较强迹象,0.8,False,0,0,7,5,已证实,0.99,False,8,5,24,11,已证实,0.96,False,3,2,3,2,3,2,0,0,未观察到,0.1,False,0,0,0,0,未观察到,0.1,False,0,0,0,0,可能具备,0.65,False,0,0,2,1,未观察到,0.1,False,0,0,0,0,未观察到,0.1,False,0,0,0,0,未观察到,0.1,False,0,0,0,0
全国赛直通,北部赛区,哈尔滨工业大学,I Hiter,工程,21,8347,8727,未观察到,0.1,False,0,0,0,0,未观察到,0.1,False,0,0,0,0,未观察到,0.1,False,0,0,0,0,0,0,0,0,较强迹象,0.8,False,0,0,59,20,未观察到,0.1,False,0,0,0,0,未观察到,0.1,False,0,0,0,0,未观察到,0.1,False,0,0,0,0,未观察到,0.1,False,0,0,0,0,未观察到,0.1,False,0,0,0,0
全国赛直通,北部赛区,哈尔滨工业大学,I Hiter,步兵3,21,7315,8728,已证实,0.99,False,6,5,19,11,已证实,0.945,False,3,1,31,15,已证实,0.99,False,6,6,2,2,2,2,0,0,未观察到,0.1,False,0,0,0,0,未观察到,0.1,False,0,0,0,0,未观察到,0.1,False,0,0,0,0,弱迹象,0.4,False,0,0,1,1,弱迹象,0.4,False,0,0,1,1,未观察到,0.1,False,0,0,0,0
全国赛直通,北部赛区,哈尔滨工业大学,I Hiter,步兵4,21,7603,8677,已证实,0.99,False,11,8,18,10,已证实,0.945,False,1,1,22,10,已证实,0.975,False,3,3,0,0,0,0,0,0,未观察到,0.1,False,0,0,0,0,未观察到,0.1,False,0,0,0,0,未观察到,0.1,False,0,0,0,0,弱迹象,0.4,False,0,0,1,1,弱迹象,0.4,False,0,0,1,1,未观察到,0.1,False,0,0,0,0
全国赛直通,北部赛区,哈尔滨工业大学,I Hiter,哨兵,21,7981,8676,未观察到,0.1,False,0,0,0,0,未观察到,0.1,False,0,0,0,0,未观察到,0.1,False,0,0,0,0,0,0,0,0,较强迹象,0.8,False,0,0,23,10,未观察到,0.1,False,0,0,0,0,未观察到,0.1,False,0,0,0,0,未观察到,0.1,False,0,0,0,0,未观察到,0.1,False,0,0,0,0,未观察到,0.1,False,0,0,0,0
全国赛直通,北部赛区,哈尔滨工业大学（威海）,HERO,英雄,21,7513,8437,未观察到,0.1,False,0,0,0,0,已证实,0.945,False,1,1,0,0,未观察到,0.1,False,0,0,0,0,0,0,0,0,未观察到,0.1,False,0,0,0,0,未观察到,0.1,False,0,0,0,0,未观察到,0.1,False,0,0,0,0,未观察到,0.1,False,0,0,0,0,未观察到,0.1,False,0,0,0,0,未观察到,0.1,False,0,0,0,0
全国赛直通,北部赛区,哈尔滨工业大学（威海）,HERO,工程,21,7741,8571,未观察到,0.1,False,0,0,0,0,较强迹象,0.8,False,0,0,7,6,未观察到,0.1,False,0,0,0,0,0,0,0,0,较强迹象,0.8,False,0,0,25,16,未观察到,0.1,False,0,0,0,0,未观察到,0.1,False,0,0,0,0,未观察到,0.1,False,0,0,0,0,未观察到,0.1,False,0,0,0,0,未观察到,0.1,False,0,0,0,0
全国赛直通,北部赛区,哈尔滨工业大学（威海）,HERO,步兵3,21,7487,8712,已证实,0.99,False,16,10,19,11,已证实,0.99,False,5,4,20,11,已证实,0.99,False,7,6,3,3,3,3,0,0,弱迹象,0.4,False,0,0,1,1,未观察到,0.1,False,0,0,0,0,弱迹象,0.4,False,0,0,1,1,未观察到,0.1,False,0,0,0,0,可能具备,0.65,False,0,0,2,1,未观察到,0.1,False,0,0,0,0
全国赛直通,北部赛区,哈尔滨工业大学（威海）,HERO,步兵4,21,7485,8770,未观察到,0.1,False,0,0,0,0,较强迹象,0.8,False,0,0,15,6,未观察到,0.1,False,0,0,0,0,0,0,0,0,较强迹象,0.8,False,0,0,20,9,未观察到,0.1,False,0,0,0,0,较强迹象,0.8,False,0,0,4,2,未观察到,0.1,False,0,0,0,0,未观察到,0.1,False,0,0,0,0,未观察到,0.1,False,0,0,0,0
全国赛直通,北部赛区,哈尔滨工业大学（威海）,HERO,哨兵,21,8755,8794,未观察到,0.1,False,0,0,0,0,未观察到,0.1,False,0,0,0,0,未观察到,0.1,False,0,0,0,0,0,0,0,0,未观察到,0.1,False,0,0,0,0,未观察到,0.1,False,0,0,0,0,未观察到,0.1,False,0,0,0,0,未观察到,0.1,False,0,0,0,0,未观察到,0.1,False,0,0,0,0,未观察到,0.1,False,0,0,0,0
全国赛直通,北部赛区,西北工业大学,WMJ,英雄,21,7374,8797,未观察到,0.1,False,0,0,0,0,未观察到,0.1,False,0,0,0,0,未观察到,0.1,False,0,0,0,0,0,0,0,0,未观察到,0.1,False,0,0,0,0,未观察到,0.1,False,0,0,0,0,未观察到,0.1,False,0,0,0,0,较强迹象,0.8,False,0,0,16,16,未观察到,0.1,False,0,0,0,0,未观察到,0.1,False,0,0,0,0
全国赛直通,北部赛区,西北工业大学,WMJ,工程,21,8281,8785,未观察到,0.1,False,0,0,0,0,未观察到,0.1,False,0,0,0,0,未观察到,0.1,False,0,0,0,0,0,0,0,0,未观察到,0.1,False,0,0,0,0,较强迹象,0.8,False,0,0,17,11,较强迹象,0.8,False,0,0,9,5,未观察到,0.1,False,0,0,0,0,未观察到,0.1,False,0,0,0,0,未观察到,0.1,False,0,0,0,0
全国赛直通,北部赛区,西北工业大学,WMJ,步兵3,21,7903,8792,已证实,0.99,False,10,10,23,17,已证实,0.99,False,8,8,38,16,未观察到,0.1,False,0,0,0,0,0,0,0,0,未观察到,0.1,False,0,0,0,0,未观察到,0.1,False,0,0,0,0,未观察到,0.1,False,0,0,0,0,未观察到,0.1,False,0,0,0,0,可能具备,0.65,False,0,0,2,1,未观察到,0.1,False,0,0,0,0
全国赛直通,北部赛区,西北工业大学,WMJ,步兵4,19,7184,7934,未观察到,0.1,False,0,0,0,0,已证实,0.945,False,3,1,3,3,未观察到,0.1,False,0,0,0,0,0,0,0,0,未观察到,0.1,False,0,0,0,0,较强迹象,0.8,False,0,0,8,4,较强迹象,0.8,False,0,0,25,10,未观察到,0.1,False,0,0,0,0,未观察到,0.1,False,0,0,0,0,未观察到,0.1,False,0,0,0,0
全国赛直通,北部赛区,西北工业大学,WMJ,哨兵,21,8418,8797,未观察到,0.1,False,0,0,0,0,未观察到,0.1,False,0,0,0,0,未观察到,0.1,False,0,0,0,0,0,0,0,0,未观察到,0.1,False,0,0,0,0,未观察到,0.1,False,0,0,0,0,未观察到,0.1,False,0,0,0,0,未观察到,0.1,False,0,0,0,0,未观察到,0.1,False,0,0,0,0,未观察到,0.1,False,0,0,0,0
全国赛直通,北部赛区,北京理工大学,追梦,英雄,12,4504,4983,已证实,0.99,False,5,4,4,3,已证实,0.99,False,8,5,15,9,未观察到,0.1,False,0,0,0,0,0,0,0,0,弱迹象,0.4,False,0,0,1,1,未观察到,0.1,False,0,0,0,0,未观察到,0.1,False,0,0,0,0,未观察到,0.1,False,0,0,0,0,未观察到,0.1,False,0,0,0,0,未观察到,0.1,False,0,0,0,0
全国赛直通,北部赛区,北京理工大学,追梦,工程,12,4896,5021,已证实,0.99,False,16,12,5,4,已证实,0.945,False,1,1,9,8,未观察到,0.1,False,0,0,0,0,0,0,0,0,未观察到,0.1,False,0,0,0,0,未观察到,0.1,False,0,0,0,0,未观察到,0.1,False,0,0,0,0,未观察到,0.1,False,0,0,0,0,未观察到,0.1,False,0,0,0,0,未观察到,0.1,False,0,0,0,0
全国赛直通,北部赛区,北京理工大学,追梦,步兵3,12,3657,5021,已证实,0.99,False,13,7,19,9,已证实,0.975,False,3,3,7,4,已证实,0.975,False,3,3,3,3,2,2,1,1,未观察到,0.1,False,0,0,0,0,可能具备,0.65,False,0,0,4,1,较强迹象,0.8,False,0,0,4,4,弱迹象,0.4,False,0,0,1,1,可能具备,0.65,False,0,0,2,2,未观察到,0.1,False,0,0,0,0
全国赛直通,北部赛区,北京理工大学,追梦,步兵4,12,4514,5027,已证实,0.99,False,30,12,59,12,已证实,0.99,False,9,7,10,7,已证实,0.99,False,5,5,4,4,4,4,0,0,未观察到,0.1,False,0,0,0,0,未观察到,0.1,False,0,0,0,0,可能具备,0.65,False,0,0,2,1,弱迹象,0.4,False,0,0,1,1,较强迹象,0.8,False,0,0,5,3,未观察到,0.1,False,0,0,0,0
全国赛直通,北部赛区,北京理工大学,追梦,哨兵,12,3850,5018,未观察到,0.1,False,0,0,0,0,未观察到,0.1,False,0,0,0,0,未观察到,0.1,False,0,0,0,0,0,0,0,0,未观察到,0.1,False,0,0,0,0,较强迹象,0.8,False,0,0,8,2,较强迹象,0.8,False,0,0,15,8,未观察到,0.1,False,0,0,0,0,未观察到,0.1,False,0,0,0,0,未观察到,0.1,False,0,0,0,0
全国赛直通,北部赛区,复旦大学,星云EGA,英雄,17,6641,7117,已证实,0.96,False,3,2,7,6,已证实,0.945,False,1,1,5,3,未观察到,0.1,False,0,0,0,0,0,0,0,0,较强迹象,0.8,False,0,0,3,3,未观察到,0.1,False,0,0,0,0,未观察到,0.1,False,0,0,0,0,未观察到,0.1,False,0,0,0,0,未观察到,0.1,False,0,0,0,0,未观察到,0.1,False,0,0,0,0
全国赛直通,北部赛区,复旦大学,星云EGA,工程,17,6548,7108,已证实,0.945,False,1,1,20,14,未观察到,0.1,False,0,0,0,0,未观察到,0.1,False,0,0,0,0,0,0,0,0,未观察到,0.1,False,0,0,0,0,未观察到,0.1,False,0,0,0,0,未观察到,0.1,False,0,0,0,0,未观察到,0.1,False,0,0,0,0,未观察到,0.1,False,0,0,0,0,未观察到,0.1,False,0,0,0,0
全国赛直通,北部赛区,复旦大学,星云EGA,步兵3,16,5754,6669,已证实,0.99,False,27,15,61,16,已证实,0.99,False,15,8,18,9,已证实,0.99,False,12,6,10,7,8,6,2,1,未观察到,0.1,False,0,0,0,0,未观察到,0.1,False,0,0,0,0,弱迹象,0.4,False,0,0,1,1,较强迹象,0.8,False,0,0,3,3,较强迹象,0.8,False,0,0,3,3,未观察到,0.1,False,0,0,0,0
全国赛直通,北部赛区,复旦大学,星云EGA,步兵4,17,6245,7096,未观察到,0.1,False,0,0,0,0,未观察到,0.1,False,0,0,0,0,未观察到,0.1,False,0,0,0,0,0,0,0,0,未观察到,0.1,False,0,0,0,0,较强迹象,0.8,False,0,0,27,13,较强迹象,0.8,False,0,0,56,16,未观察到,0.1,False,0,0,0,0,未观察到,0.1,False,0,0,0,0,未观察到,0.1,False,0,0,0,0
全国赛直通,北部赛区,复旦大学,星云EGA,哨兵,16,5658,6690,未观察到,0.1,False,0,0,0,0,未观察到,0.1,False,0,0,0,0,未观察到,0.1,False,0,0,0,0,0,0,0,0,未观察到,0.1,False,0,0,0,0,较强迹象,0.8,False,0,0,18,12,较强迹象,0.8,False,0,0,22,10,未观察到,0.1,False,0,0,0,0,未观察到,0.1,False,0,0,0,0,未观察到,0.1,False,0,0,0,0
全国赛直通,北部赛区,同济大学,SuperPower,英雄,10,3795,4190,未观察到,0.1,False,0,0,0,0,未观察到,0.1,False,0,0,0,0,未观察到,0.1,False,0,0,0,0,0,0,0,0,未观察到,0.1,False,0,0,0,0,未观察到,0.1,False,0,0,0,0,未观察到,0.1,False,0,0,0,0,未观察到,0.1,False,0,0,0,0,未观察到,0.1,False,0,0,0,0,未观察到,0.1,False,0,0,0,0
全国赛直通,北部赛区,同济大学,SuperPower,工程,10,4066,4163,未观察到,0.1,False,0,0,0,0,未观察到,0.1,False,0,0,0,0,未观察到,0.1,False,0,0,0,0,0,0,0,0,未观察到,0.1,False,0,0,0,0,较强迹象,0.8,False,0,0,10,6,较强迹象,0.8,False,0,0,11,6,未观察到,0.1,False,0,0,0,0,未观察到,0.1,False,0,0,0,0,未观察到,0.1,False,0,0,0,0
全国赛直通,北部赛区,同济大学,SuperPower,步兵3,10,3893,4184,已证实,0.99,False,7,6,7,6,已证实,0.99,False,30,10,24,9,已证实,0.99,False,12,8,4,3,4,3,0,0,未观察到,0.1,False,0,0,0,0,未观察到,0.1,False,0,0,0,0,弱迹象,0.4,False,0,0,1,1,未观察到,0.1,False,0,0,0,0,未观察到,0.1,False,0,0,0,0,未观察到,0.1,False,0,0,0,0
全国赛直通,北部赛区,同济大学,SuperPower,步兵4,9,3102,3661,已证实,0.99,False,11,7,25,8,已证实,0.975,False,4,3,17,7,已证实,0.99,False,6,5,2,1,2,1,0,0,弱迹象,0.4,False,0,0,1,1,未观察到,0.1,False,0,0,0,0,弱迹象,0.4,False,0,0,1,1,未观察到,0.1,False,0,0,0,0,未观察到,0.1,False,0,0,0,0,未观察到,0.1,False,0,0,0,0
全国赛直通,北部赛区,同济大学,SuperPower,哨兵,10,4187,4187,未观察到,0.1,False,0,0,0,0,未观察到,0.1,False,0,0,0,0,未观察到,0.1,False,0,0,0,0,0,0,0,0,可能具备,0.65,False,0,0,2,1,未观察到,0.1,False,0,0,0,0,未观察到,0.1,False,0,0,0,0,未观察到,0.1,False,0,0,0,0,未观察到,0.1,False,0,0,0,0,未观察到,0.1,False,0,0,0,0
全国赛直通,北部赛区,西安交通大学,笃行,英雄,11,3936,4598,已证实,0.99,False,8,5,16,5,已证实,0.975,False,3,3,7,4,未观察到,0.1,False,0,0,0,0,0,0,0,0,未观察到,0.1,False,0,0,0,0,未观察到,0.1,False,0,0,0,0,未观察到,0.1,False,0,0,0,0,未观察到,0.1,False,0,0,0,0,未观察到,0.1,False,0,0,0,0,未观察到,0.1,False,0,0,0,0
全国赛直通,北部赛区,西安交通大学,笃行,工程,11,4514,4590,已证实,0.975,False,3,3,0,0,已证实,0.99,False,15,11,28,11,未观察到,0.1,False,0,0,0,0,0,0,0,0,未观察到,0.1,False,0,0,0,0,未观察到,0.1,False,0,0,0,0,未观察到,0.1,False,0,0,0,0,未观察到,0.1,False,0,0,0,0,未观察到,0.1,False,0,0,0,0,未观察到,0.1,False,0,0,0,0
全国赛直通,北部赛区,西安交通大学,笃行,步兵3,11,4300,4601,已证实,0.99,False,10,8,57,11,已证实,0.945,False,1,1,19,8,已证实,0.99,False,11,7,4,4,2,2,2,2,未观察到,0.1,False,0,0,0,0,未观察到,0.1,False,0,0,0,0,弱迹象,0.4,False,0,0,1,1,未观察到,0.1,False,0,0,0,0,未观察到,0.1,False,0,0,0,0,可能具备,0.65,False,0,0,2,1
全国赛直通,北部赛区,西安交通大学,笃行,步兵4,11,3903,4605,已证实,0.99,False,7,4,25,11,已证实,0.96,False,2,2,29,10,已证实,0.99,False,22,9,13,8,12,7,1,1,未观察到,0.1,False,0,0,0,0,未观察到,0.1,False,0,0,0,0,较强迹象,0.8,False,0,0,8,7,较强迹象,0.8,False,0,0,3,3,较强迹象,0.8,False,0,0,5,5,未观察到,0.1,False,0,0,0,0
全国赛直通,北部赛区,西安交通大学,笃行,哨兵,11,4185,4505,未观察到,0.1,False,0,0,0,0,未观察到,0.1,False,0,0,0,0,未观察到,0.1,False,0,0,0,0,0,0,0,0,未观察到,0.1,False,0,0,0,0,弱迹象,0.4,False,0,0,1,1,未观察到,0.1,False,0,0,0,0,未观察到,0.1,False,0,0,0,0,未观察到,0.1,False,0,0,0,0,未观察到,0.1,False,0,0,0,0
全国赛直通,北部赛区,大连理工大学,凌BUG,英雄,16,5940,6700,未观察到,0.1,False,0,0,0,0,未观察到,0.1,False,0,0,0,0,未观察到,0.1,False,0,0,0,0,0,0,0,0,未观察到,0.1,False,0,0,0,0,未观察到,0.1,False,0,0,0,0,未观察到,0.1,False,0,0,0,0,未观察到,0.1,False,0,0,0,0,未观察到,0.1,False,0,0,0,0,未观察到,0.1,False,0,0,0,0
全国赛直通,北部赛区,大连理工大学,凌BUG,工程,16,6367,6680,已证实,0.99,False,12,9,9,9,已证实,0.96,False,2,2,16,11,未观察到,0.1,False,0,0,0,0,0,0,0,0,未观察到,0.1,False,0,0,0,0,未观察到,0.1,False,0,0,0,0,未观察到,0.1,False,0,0,0,0,未观察到,0.1,False,0,0,0,0,未观察到,0.1,False,0,0,0,0,未观察到,0.1,False,0,0,0,0
全国赛直通,北部赛区,大连理工大学,凌BUG,步兵3,14,5247,5809,较强迹象,0.8,False,0,0,6,5,较强迹象,0.8,False,0,0,3,2,未观察到,0.1,False,0,0,0,0,0,0,0,0,未观察到,0.1,False,0,0,0,0,较强迹象,0.8,False,0,0,7,5,较强迹象,0.8,False,0,0,6,6,未观察到,0.1,False,0,0,0,0,未观察到,0.1,False,0,0,0,0,未观察到,0.1,False,0,0,0,0
全国赛直通,北部赛区,大连理工大学,凌BUG,步兵4,14,4902,5856,未观察到,0.1,False,0,0,0,0,已证实,0.96,False,3,2,5,2,未观察到,0.1,False,0,0,0,0,0,0,0,0,未观察到,0.1,False,0,0,0,0,弱迹象,0.4,False,0,0,1,1,弱迹象,0.4,False,0,0,1,1,未观察到,0.1,False,0,0,0,0,未观察到,0.1,False,0,0,0,0,未观察到,0.1,False,0,0,0,0
全国赛直通,北部赛区,大连理工大学,凌BUG,哨兵,15,6073,6281,未观察到,0.1,False,0,0,0,0,未观察到,0.1,False,0,0,0,0,未观察到,0.1,False,0,0,0,0,0,0,0,0,未观察到,0.1,False,0,0,0,0,未观察到,0.1,False,0,0,0,0,可能具备,0.65,False,0,0,4,1,未观察到,0.1,False,0,0,0,0,未观察到,0.1,False,0,0,0,0,未观察到,0.1,False,0,0,0,0
全国赛直通,北部赛区,长安大学,VGD,英雄,20,7291,8380,未观察到,0.1,False,0,0,0,0,未观察到,0.1,False,0,0,0,0,未观察到,0.1,False,0,0,0,0,0,0,0,0,未观察到,0.1,False,0,0,0,0,未观察到,0.1,False,0,0,0,0,未观察到,0.1,False,0,0,0,0,未观察到,0.1,False,0,0,0,0,未观察到,0.1,False,0,0,0,0,未观察到,0.1,False,0,0,0,0
全国赛直通,北部赛区,长安大学,VGD,工程,20,6570,8363,较强迹象,0.8,False,0,0,3,3,较强迹象,0.8,False,0,0,3,2,未观察到,0.1,False,0,0,0,0,0,0,0,0,较强迹象,0.8,False,0,0,24,16,未观察到,0.1,False,0,0,0,0,未观察到,0.1,False,0,0,0,0,未观察到,0.1,False,0,0,0,0,未观察到,0.1,False,0,0,0,0,未观察到,0.1,False,0,0,0,0
全国赛直通,北部赛区,长安大学,VGD,步兵3,19,7213,7952,未观察到,0.1,False,0,0,0,0,弱迹象,0.4,False,0,0,1,1,未观察到,0.1,False,0,0,0,0,0,0,0,0,较强迹象,0.8,False,0,0,3,3,未观察到,0.1,False,0,0,0,0,未观察到,0.1,False,0,0,0,0,未观察到,0.1,False,0,0,0,0,未观察到,0.1,False,0,0,0,0,未观察到,0.1,False,0,0,0,0
全国赛直通,北部赛区,长安大学,VGD,步兵4,20,7760,8380,未观察到,0.1,False,0,0,0,0,已证实,0.945,False,2,1,1,1,未观察到,0.1,False,0,0,0,0,0,0,0,0,未观察到,0.1,False,0,0,0,0,未观察到,0.1,False,0,0,0,0,未观察到,0.1,False,0,0,0,0,未观察到,0.1,False,0,0,0,0,未观察到,0.1,False,0,0,0,0,未观察到,0.1,False,0,0,0,0
全国赛直通,北部赛区,长安大学,VGD,哨兵,20,8227,8380,未观察到,0.1,False,0,0,0,0,未观察到,0.1,False,0,0,0,0,未观察到,0.1,False,0,0,0,0,0,0,0,0,未观察到,0.1,False,0,0,0,0,未观察到,0.1,False,0,0,0,0,未观察到,0.1,False,0,0,0,0,未观察到,0.1,False,0,0,0,0,未观察到,0.1,False,0,0,0,0,未观察到,0.1,False,0,0,0,0
复活赛,南部赛区,广东工业大学,DynamicX,英雄,20,7624,8379,未观察到,0.1,False,0,0,0,0,未观察到,0.1,False,0,0,0,0,未观察到,0.1,False,0,0,0,0,0,0,0,0,未观察到,0.1,False,0,0,0,0,未观察到,0.1,False,0,0,0,0,未观察到,0.1,False,0,0,0,0,未观察到,0.1,False,0,0,0,0,未观察到,0.1,False,0,0,0,0,未观察到,0.1,False,0,0,0,0
复活赛,南部赛区,广东工业大学,DynamicX,工程,20,7600,8256,未观察到,0.1,False,0,0,0,0,已证实,0.99,False,28,19,22,15,未观察到,0.1,False,0,0,0,0,0,0,0,0,未观察到,0.1,False,0,0,0,0,未观察到,0.1,False,0,0,0,0,未观察到,0.1,False,0,0,0,0,未观察到,0.1,False,0,0,0,0,未观察到,0.1,False,0,0,0,0,未观察到,0.1,False,0,0,0,0
复活赛,南部赛区,广东工业大学,DynamicX,步兵3,20,7575,8369,未观察到,0.1,False,0,0,0,0,弱迹象,0.4,False,0,0,1,1,未观察到,0.1,False,0,0,0,0,0,0,0,0,较强迹象,0.8,False,0,0,4,3,未观察到,0.1,False,0,0,0,0,未观察到,0.1,False,0,0,0,0,未观察到,0.1,False,0,0,0,0,未观察到,0.1,False,0,0,0,0,未观察到,0.1,False,0,0,0,0
复活赛,南部赛区,广东工业大学,DynamicX,步兵4,20,7553,8336,未观察到,0.1,False,0,0,0,0,弱迹象,0.4,False,0,0,1,1,已证实,0.945,False,1,1,0,0,0,0,0,0,未观察到,0.1,False,0,0,0,0,较强迹象,0.8,False,0,0,26,13,较强迹象,0.8,False,0,0,54,16,未观察到,0.1,False,0,0,0,0,未观察到,0.1,False,0,0,0,0,未观察到,0.1,False,0,0,0,0
复活赛,南部赛区,广东工业大学,DynamicX,哨兵,20,7640,8366,未观察到,0.1,False,0,0,0,0,未观察到,0.1,False,0,0,0,0,未观察到,0.1,False,0,0,0,0,0,0,0,0,可能具备,0.65,False,0,0,2,2,未观察到,0.1,False,0,0,0,0,未观察到,0.1,False,0,0,0,0,未观察到,0.1,False,0,0,0,0,未观察到,0.1,False,0,0,0,0,未观察到,0.1,False,0,0,0,0
复活赛,南部赛区,桂林电子科技大学,Evolution,英雄,17,6481,7095,未观察到,0.1,False,0,0,0,0,较强迹象,0.8,False,0,0,3,3,未观察到,0.1,False,0,0,0,0,0,0,0,0,较强迹象,0.8,False,0,0,7,5,未观察到,0.1,False,0,0,0,0,未观察到,0.1,False,0,0,0,0,未观察到,0.1,False,0,0,0,0,未观察到,0.1,False,0,0,0,0,未观察到,0.1,False,0,0,0,0
复活赛,南部赛区,桂林电子科技大学,Evolution,工程,17,6713,7091,未观察到,0.1,False,0,0,0,0,已证实,0.99,False,16,11,23,13,未观察到,0.1,False,0,0,0,0,0,0,0,0,未观察到,0.1,False,0,0,0,0,未观察到,0.1,False,0,0,0,0,未观察到,0.1,False,0,0,0,0,未观察到,0.1,False,0,0,0,0,未观察到,0.1,False,0,0,0,0,未观察到,0.1,False,0,0,0,0
复活赛,南部赛区,桂林电子科技大学,Evolution,步兵3,17,6135,7070,已证实,0.975,False,4,3,8,6,较强迹象,0.8,False,0,0,40,13,已证实,0.99,False,11,10,4,4,4,4,0,0,未观察到,0.1,False,0,0,0,0,未观察到,0.1,False,0,0,0,0,可能具备,0.65,False,0,0,2,2,未观察到,0.1,False,0,0,0,0,可能具备,0.65,False,0,0,2,1,未观察到,0.1,False,0,0,0,0
复活赛,南部赛区,桂林电子科技大学,Evolution,步兵4,17,5463,6976,未观察到,0.1,False,0,0,0,0,弱迹象,0.4,False,0,0,1,1,未观察到,0.1,False,0,0,0,0,0,0,0,0,弱迹象,0.4,False,0,0,1,1,较强迹象,0.8,False,0,0,11,5,较强迹象,0.8,False,0,0,33,10,未观察到,0.1,False,0,0,0,0,未观察到,0.1,False,0,0,0,0,未观察到,0.1,False,0,0,0,0
复活赛,南部赛区,桂林电子科技大学,Evolution,哨兵,17,7048,7123,未观察到,0.1,False,0,0,0,0,未观察到,0.1,False,0,0,0,0,未观察到,0.1,False,0,0,0,0,0,0,0,0,未观察到,0.1,False,0,0,0,0,未观察到,0.1,False,0,0,0,0,未观察到,0.1,False,0,0,0,0,未观察到,0.1,False,0,0,0,0,未观察到,0.1,False,0,0,0,0,未观察到,0.1,False,0,0,0,0
复活赛,南部赛区,华中科技大学,狼牙,英雄,14,5455,5846,较强迹象,0.8,False,0,0,3,3,弱迹象,0.4,False,0,0,1,1,未观察到,0.1,False,0,0,0,0,0,0,0,0,较强迹象,0.8,False,0,0,7,5,未观察到,0.1,False,0,0,0,0,未观察到,0.1,False,0,0,0,0,未观察到,0.1,False,0,0,0,0,未观察到,0.1,False,0,0,0,0,未观察到,0.1,False,0,0,0,0
复活赛,南部赛区,华中科技大学,狼牙,工程,14,5431,5860,已证实,0.99,False,22,14,1,1,较强迹象,0.8,False,0,0,9,9,未观察到,0.1,False,0,0,0,0,0,0,0,0,未观察到,0.1,False,0,0,0,0,未观察到,0.1,False,0,0,0,0,未观察到,0.1,False,0,0,0,0,未观察到,0.1,False,0,0,0,0,未观察到,0.1,False,0,0,0,0,未观察到,0.1,False,0,0,0,0
复活赛,南部赛区,华中科技大学,狼牙,步兵3,14,5099,5860,未观察到,0.1,False,0,0,0,0,已证实,0.96,False,2,2,5,5,未观察到,0.1,False,0,0,0,0,0,0,0,0,未观察到,0.1,False,0,0,0,0,未观察到,0.1,False,0,0,0,0,未观察到,0.1,False,0,0,0,0,未观察到,0.1,False,0,0,0,0,未观察到,0.1,False,0,0,0,0,未观察到,0.1,False,0,0,0,0
复活赛,南部赛区,华中科技大学,狼牙,步兵4,14,4890,5561,未观察到,0.1,False,0,0,0,0,已证实,0.99,False,8,5,12,6,已证实,0.975,False,3,3,0,0,0,0,0,0,可能具备,0.65,False,0,0,2,2,未观察到,0.1,False,0,0,0,0,未观察到,0.1,False,0,0,0,0,未观察到,0.1,False,0,0,0,0,未观察到,0.1,False,0,0,0,0,未观察到,0.1,False,0,0,0,0
复活赛,南部赛区,华中科技大学,狼牙,哨兵,14,5828,5866,未观察到,0.1,False,0,0,0,0,未观察到,0.1,False,0,0,0,0,未观察到,0.1,False,0,0,0,0,0,0,0,0,未观察到,0.1,False,0,0,0,0,未观察到,0.1,False,0,0,0,0,未观察到,0.1,False,0,0,0,0,未观察到,0.1,False,0,0,0,0,未观察到,0.1,False,0,0,0,0,未观察到,0.1,False,0,0,0,0
复活赛,南部赛区,南华大学,MA,英雄,19,7084,7944,未观察到,0.1,False,0,0,0,0,已证实,0.975,False,4,3,8,6,未观察到,0.1,False,0,0,0,0,0,0,0,0,未观察到,0.1,False,0,0,0,0,未观察到,0.1,False,0,0,0,0,未观察到,0.1,False,0,0,0,0,未观察到,0.1,False,0,0,0,0,未观察到,0.1,False,0,0,0,0,未观察到,0.1,False,0,0,0,0
复活赛,南部赛区,南华大学,MA,工程,19,7530,7923,较强迹象,0.8,False,0,0,7,6,已证实,0.99,False,24,16,14,10,未观察到,0.1,False,0,0,0,0,0,0,0,0,可能具备,0.65,False,0,0,2,1,未观察到,0.1,False,0,0,0,0,未观察到,0.1,False,0,0,0,0,弱迹象,0.4,False,0,0,1,1,弱迹象,0.4,False,0,0,1,1,未观察到,0.1,False,0,0,0,0
复活赛,南部赛区,南华大学,MA,步兵3,19,6667,7955,未观察到,0.1,False,0,0,0,0,弱迹象,0.4,False,0,0,1,1,未观察到,0.1,False,0,0,0,0,0,0,0,0,未观察到,0.1,False,0,0,0,0,较强迹象,0.8,False,0,0,28,13,较强迹象,0.8,False,0,0,4,3,未观察到,0.1,False,0,0,0,0,未观察到,0.1,False,0,0,0,0,未观察到,0.1,False,0,0,0,0
复活赛,南部赛区,南华大学,MA,步兵4,19,6917,7946,未观察到,0.1,False,0,0,0,0,未观察到,0.1,False,0,0,0,0,未观察到,0.1,False,0,0,0,0,0,0,0,0,未观察到,0.1,False,0,0,0,0,较强迹象,0.8,False,0,0,17,10,较强迹象,0.8,False,0,0,28,12,未观察到,0.1,False,0,0,0,0,未观察到,0.1,False,0,0,0,0,未观察到,0.1,False,0,0,0,0
复活赛,南部赛区,南华大学,MA,哨兵,19,7726,7861,未观察到,0.1,False,0,0,0,0,未观察到,0.1,False,0,0,0,0,未观察到,0.1,False,0,0,0,0,0,0,0,0,未观察到,0.1,False,0,0,0,0,未观察到,0.1,False,0,0,0,0,未观察到,0.1,False,0,0,0,0,未观察到,0.1,False,0,0,0,0,未观察到,0.1,False,0,0,0,0,未观察到,0.1,False,0,0,0,0
复活赛,南部赛区,厦门大学嘉庚学院,TCR,英雄,13,4929,5443,未观察到,0.1,False,0,0,0,0,已证实,0.945,False,1,1,0,0,未观察到,0.1,False,0,0,0,0,0,0,0,0,未观察到,0.1,False,0,0,0,0,未观察到,0.1,False,0,0,0,0,未观察到,0.1,False,0,0,0,0,未观察到,0.1,False,0,0,0,0,未观察到,0.1,False,0,0,0,0,未观察到,0.1,False,0,0,0,0
复活赛,南部赛区,厦门大学嘉庚学院,TCR,工程,13,4971,5441,未观察到,0.1,False,0,0,0,0,未观察到,0.1,False,0,0,0,0,未观察到,0.1,False,0,0,0,0,0,0,0,0,较强迹象,0.8,False,0,0,26,12,未观察到,0.1,False,0,0,0,0,未观察到,0.1,False,0,0,0,0,未观察到,0.1,False,0,0,0,0,未观察到,0.1,False,0,0,0,0,未观察到,0.1,False,0,0,0,0
复活赛,南部赛区,厦门大学嘉庚学院,TCR,步兵3,13,4433,5369,未观察到,0.1,False,0,0,0,0,未观察到,0.1,False,0,0,0,0,未观察到,0.1,False,0,0,0,0,0,0,0,0,未观察到,0.1,False,0,0,0,0,较强迹象,0.8,False,0,0,27,13,较强迹象,0.8,False,0,0,51,13,未观察到,0.1,False,0,0,0,0,未观察到,0.1,False,0,0,0,0,未观察到,0.1,False,0,0,0,0
复活赛,南部赛区,厦门大学嘉庚学院,TCR,步兵4,13,4618,5438,较强迹象,0.8,False,0,0,3,3,弱迹象,0.4,False,0,0,1,1,未观察到,0.1,False,0,0,0,0,0,0,0,0,未观察到,0.1,False,0,0,0,0,较强迹象,0.8,False,0,0,40,13,较强迹象,0.8,False,0,0,31,13,未观察到,0.1,False,0,0,0,0,未观察到,0.1,False,0,0,0,0,未观察到,0.1,False,0,0,0,0
复活赛,南部赛区,厦门大学嘉庚学院,TCR,哨兵,13,5388,5441,未观察到,0.1,False,0,0,0,0,未观察到,0.1,False,0,0,0,0,未观察到,0.1,False,0,0,0,0,0,0,0,0,未观察到,0.1,False,0,0,0,0,未观察到,0.1,False,0,0,0,0,未观察到,0.1,False,0,0,0,0,未观察到,0.1,False,0,0,0,0,未观察到,0.1,False,0,0,0,0,未观察到,0.1,False,0,0,0,0
复活赛,南部赛区,深圳技术大学,悍匠,英雄,15,4608,6144,未观察到,0.1,False,0,0,0,0,未观察到,0.1,False,0,0,0,0,未观察到,0.1,False,0,0,0,0,0,0,0,0,弱迹象,0.4,False,0,0,1,1,弱迹象,0.4,False,0,0,1,1,较强迹象,0.8,False,0,0,12,8,未观察到,0.1,False,0,0,0,0,未观察到,0.1,False,0,0,0,0,未观察到,0.1,False,0,0,0,0
复活赛,南部赛区,深圳技术大学,悍匠,工程,15,5609,6116,未观察到,0.1,False,0,0,0,0,已证实,0.99,False,22,13,28,11,未观察到,0.1,False,0,0,0,0,0,0,0,0,未观察到,0.1,False,0,0,0,0,未观察到,0.1,False,0,0,0,0,未观察到,0.1,False,0,0,0,0,未观察到,0.1,False,0,0,0,0,未观察到,0.1,False,0,0,0,0,未观察到,0.1,False,0,0,0,0
复活赛,南部赛区,深圳技术大学,悍匠,步兵3,15,5228,6142,未观察到,0.1,False,0,0,0,0,已证实,0.945,False,1,1,4,4,未观察到,0.1,False,0,0,0,0,0,0,0,0,未观察到,0.1,False,0,0,0,0,较强迹象,0.8,False,0,0,6,3,较强迹象,0.8,False,0,0,4,3,未观察到,0.1,False,0,0,0,0,未观察到,0.1,False,0,0,0,0,未观察到,0.1,False,0,0,0,0
复活赛,南部赛区,深圳技术大学,悍匠,步兵4,15,5131,6102,未观察到,0.1,False,0,0,0,0,较强迹象,0.8,False,0,0,4,4,已证实,0.945,False,1,1,0,0,0,0,0,0,未观察到,0.1,False,0,0,0,0,较强迹象,0.8,False,0,0,19,9,较强迹象,0.8,False,0,0,15,8,未观察到,0.1,False,0,0,0,0,未观察到,0.1,False,0,0,0,0,未观察到,0.1,False,0,0,0,0
复活赛,南部赛区,深圳技术大学,悍匠,哨兵,15,5713,6084,未观察到,0.1,False,0,0,0,0,未观察到,0.1,False,0,0,0,0,未观察到,0.1,False,0,0,0,0,0,0,0,0,可能具备,0.65,False,0,0,2,1,未观察到,0.1,False,0,0,0,0,未观察到,0.1,False,0,0,0,0,未观察到,0.1,False,0,0,0,0,未观察到,0.1,False,0,0,0,0,未观察到,0.1,False,0,0,0,0
复活赛,东部赛区,江南大学霞客湾校区,SHARK,英雄,21,8321,8787,未观察到,0.1,False,0,0,0,0,未观察到,0.1,False,0,0,0,0,未观察到,0.1,False,0,0,0,0,0,0,0,0,较强迹象,0.8,False,0,0,16,11,未观察到,0.1,False,0,0,0,0,未观察到,0.1,False,0,0,0,0,未观察到,0.1,False,0,0,0,0,未观察到,0.1,False,0,0,0,0,未观察到,0.1,False,0,0,0,0
复活赛,东部赛区,江南大学霞客湾校区,SHARK,工程,21,7904,8760,已证实,0.99,False,7,7,21,14,较强迹象,0.8,False,0,0,5,4,未观察到,0.1,False,0,0,0,0,0,0,0,0,未观察到,0.1,False,0,0,0,0,未观察到,0.1,False,0,0,0,0,未观察到,0.1,False,0,0,0,0,未观察到,0.1,False,0,0,0,0,未观察到,0.1,False,0,0,0,0,未观察到,0.1,False,0,0,0,0
复活赛,东部赛区,江南大学霞客湾校区,SHARK,步兵3,21,7968,8714,已证实,0.99,False,12,9,21,10,已证实,0.99,False,22,13,25,11,已证实,0.99,False,6,6,8,7,8,7,0,0,未观察到,0.1,False,0,0,0,0,未观察到,0.1,False,0,0,0,0,较强迹象,0.8,False,0,0,3,3,未观察到,0.1,False,0,0,0,0,未观察到,0.1,False,0,0,0,0,可能具备,0.65,False,0,0,2,2
复活赛,东部赛区,江南大学霞客湾校区,SHARK,步兵4,21,7865,8773,已证实,0.945,False,4,1,3,1,可能具备,0.65,False,0,0,3,1,未观察到,0.1,False,0,0,0,0,0,0,0,0,未观察到,0.1,False,0,0,0,0,较强迹象,0.8,False,0,0,43,16,较强迹象,0.8,False,0,0,24,14,未观察到,0.1,False,0,0,0,0,未观察到,0.1,False,0,0,0,0,未观察到,0.1,False,0,0,0,0
复活赛,东部赛区,江南大学霞客湾校区,SHARK,哨兵,18,7052,7229,未观察到,0.1,False,0,0,0,0,未观察到,0.1,False,0,0,0,0,未观察到,0.1,False,0,0,0,0,0,0,0,0,未观察到,0.1,False,0,0,0,0,未观察到,0.1,False,0,0,0,0,未观察到,0.1,False,0,0,0,0,未观察到,0.1,False,0,0,0,0,未观察到,0.1,False,0,0,0,0,未观察到,0.1,False,0,0,0,0
复活赛,东部赛区,南方科技大学,ARTINX,英雄,19,7518,7823,未观察到,0.1,False,0,0,0,0,未观察到,0.1,False,0,0,0,0,未观察到,0.1,False,0,0,0,0,0,0,0,0,未观察到,0.1,False,0,0,0,0,未观察到,0.1,False,0,0,0,0,未观察到,0.1,False,0,0,0,0,未观察到,0.1,False,0,0,0,0,未观察到,0.1,False,0,0,0,0,未观察到,0.1,False,0,0,0,0
复活赛,东部赛区,南方科技大学,ARTINX,工程,18,7160,7259,已证实,0.99,False,33,17,44,16,可能具备,0.65,False,0,0,2,2,未观察到,0.1,False,0,0,0,0,0,0,0,0,弱迹象,0.4,False,0,0,1,1,未观察到,0.1,False,0,0,0,0,未观察到,0.1,False,0,0,0,0,未观察到,0.1,False,0,0,0,0,未观察到,0.1,False,0,0,0,0,未观察到,0.1,False,0,0,0,0
复活赛,东部赛区,南方科技大学,ARTINX,步兵3,19,7304,7925,已证实,0.99,False,17,12,28,14,已证实,0.99,False,6,5,12,9,未观察到,0.1,False,0,0,0,0,0,0,0,0,未观察到,0.1,False,0,0,0,0,未观察到,0.1,False,0,0,0,0,未观察到,0.1,False,0,0,0,0,未观察到,0.1,False,0,0,0,0,未观察到,0.1,False,0,0,0,0,弱迹象,0.4,False,0,0,1,1
复活赛,东部赛区,南方科技大学,ARTINX,步兵4,18,6025,7473,已证实,0.99,False,8,6,13,8,已证实,0.96,False,2,2,21,10,未观察到,0.1,False,0,0,0,0,0,0,0,0,较强迹象,0.8,False,0,0,5,5,未观察到,0.1,False,0,0,0,0,未观察到,0.1,False,0,0,0,0,未观察到,0.1,False,0,0,0,0,未观察到,0.1,False,0,0,0,0,未观察到,0.1,False,0,0,0,0
复活赛,东部赛区,南方科技大学,ARTINX,哨兵,19,7241,7890,弱迹象,0.4,False,0,0,1,1,已证实,0.99,False,12,8,12,5,未观察到,0.1,False,0,0,0,0,0,0,0,0,未观察到,0.1,False,0,0,0,0,未观察到,0.1,False,0,0,0,0,未观察到,0.1,False,0,0,0,0,未观察到,0.1,False,0,0,0,0,未观察到,0.1,False,0,0,0,0,弱迹象,0.4,False,0,0,1,1
复活赛,东部赛区,南京航空航天大学金城学院,Born of Fire,英雄,14,5100,5752,已证实,0.99,False,14,7,32,12,已证实,0.99,False,10,7,21,10,已证实,0.99,False,18,9,15,8,15,8,0,0,未观察到,0.1,False,0,0,0,0,未观察到,0.1,False,0,0,0,0,较强迹象,0.8,False,0,0,3,3,未观察到,0.1,False,0,0,0,0,弱迹象,0.4,False,0,0,1,1,弱迹象,0.4,False,0,0,1,1
复活赛,东部赛区,南京航空航天大学金城学院,Born of Fire,工程,15,4763,6032,未观察到,0.1,False,0,0,0,0,已证实,0.99,False,6,4,5,5,未观察到,0.1,False,0,0,0,0,0,0,0,0,较强迹象,0.8,False,0,0,3,2,未观察到,0.1,False,0,0,0,0,未观察到,0.1,False,0,0,0,0,未观察到,0.1,False,0,0,0,0,未观察到,0.1,False,0,0,0,0,未观察到,0.1,False,0,0,0,0
复活赛,东部赛区,南京航空航天大学金城学院,Born of Fire,步兵3,15,5642,6274,已证实,0.975,False,3,3,11,8,已证实,0.975,False,4,3,13,9,已证实,0.945,False,1,1,1,1,1,1,0,0,弱迹象,0.4,False,0,0,1,1,未观察到,0.1,False,0,0,0,0,未观察到,0.1,False,0,0,0,0,未观察到,0.1,False,0,0,0,0,未观察到,0.1,False,0,0,0,0,未观察到,0.1,False,0,0,0,0
复活赛,东部赛区,南京航空航天大学金城学院,Born of Fire,步兵4,15,5458,6176,已证实,0.99,False,6,5,29,14,较强迹象,0.8,False,0,0,22,10,已证实,0.99,False,14,9,5,3,5,3,0,0,未观察到,0.1,False,0,0,0,0,未观察到,0.1,False,0,0,0,0,可能具备,0.65,False,0,0,2,2,未观察到,0.1,False,0,0,0,0,弱迹象,0.4,False,0,0,1,1,未观察到,0.1,False,0,0,0,0
复活赛,东部赛区,南京航空航天大学金城学院,Born of Fire,哨兵,15,6185,6272,未观察到,0.1,False,0,0,0,0,未观察到,0.1,False,0,0,0,0,未观察到,0.1,False,0,0,0,0,0,0,0,0,未观察到,0.1,False,0,0,0,0,未观察到,0.1,False,0,0,0,0,未观察到,0.1,False,0,0,0,0,未观察到,0.1,False,0,0,0,0,未观察到,0.1,False,0,0,0,0,未观察到,0.1,False,0,0,0,0
复活赛,东部赛区,太原科技大学,NewMaker,英雄,14,5282,5862,未观察到,0.1,False,0,0,0,0,未观察到,0.1,False,0,0,0,0,未观察到,0.1,False,0,0,0,0,0,0,0,0,未观察到,0.1,False,0,0,0,0,未观察到,0.1,False,0,0,0,0,未观察到,0.1,False,0,0,0,0,未观察到,0.1,False,0,0,0,0,较强迹象,0.8,False,0,0,4,3,未观察到,0.1,False,0,0,0,0
复活赛,东部赛区,太原科技大学,NewMaker,工程,18,6109,7436,较强迹象,0.8,False,0,0,13,11,已证实,0.945,False,1,1,1,1,未观察到,0.1,False,0,0,0,0,0,0,0,0,未观察到,0.1,False,0,0,0,0,未观察到,0.1,False,0,0,0,0,未观察到,0.1,False,0,0,0,0,未观察到,0.1,False,0,0,0,0,未观察到,0.1,False,0,0,0,0,未观察到,0.1,False,0,0,0,0
复活赛,东部赛区,太原科技大学,NewMaker,步兵3,18,6702,7516,未观察到,0.1,False,0,0,0,0,未观察到,0.1,False,0,0,0,0,未观察到,0.1,False,0,0,0,0,0,0,0,0,未观察到,0.1,False,0,0,0,0,较强迹象,0.8,False,0,0,17,9,较强迹象,0.8,False,0,0,29,12,未观察到,0.1,False,0,0,0,0,未观察到,0.1,False,0,0,0,0,未观察到,0.1,False,0,0,0,0
复活赛,东部赛区,太原科技大学,NewMaker,步兵4,18,6495,7502,弱迹象,0.4,False,0,0,1,1,未观察到,0.1,False,0,0,0,0,未观察到,0.1,False,0,0,0,0,0,0,0,0,未观察到,0.1,False,0,0,0,0,较强迹象,0.8,False,0,0,10,7,较强迹象,0.8,False,0,0,36,14,未观察到,0.1,False,0,0,0,0,未观察到,0.1,False,0,0,0,0,未观察到,0.1,False,0,0,0,0
复活赛,东部赛区,太原科技大学,NewMaker,哨兵,18,7112,7540,未观察到,0.1,False,0,0,0,0,未观察到,0.1,False,0,0,0,0,未观察到,0.1,False,0,0,0,0,0,0,0,0,可能具备,0.65,False,0,0,2,1,未观察到,0.1,False,0,0,0,0,未观察到,0.1,False,0,0,0,0,未观察到,0.1,False,0,0,0,0,未观察到,0.1,False,0,0,0,0,未观察到,0.1,False,0,0,0,0
复活赛,东部赛区,中国科学技术大学,RoboWalker,英雄,13,5180,5435,未观察到,0.1,False,0,0,0,0,已证实,0.99,False,6,5,18,9,未观察到,0.1,False,0,0,0,0,0,0,0,0,未观察到,0.1,False,0,0,0,0,未观察到,0.1,False,0,0,0,0,未观察到,0.1,False,0,0,0,0,未观察到,0.1,False,0,0,0,0,未观察到,0.1,False,0,0,0,0,未观察到,0.1,False,0,0,0,0
复活赛,东部赛区,中国科学技术大学,RoboWalker,工程,13,5044,5403,较强迹象,0.8,False,0,0,14,10,已证实,0.975,False,5,3,5,3,未观察到,0.1,False,0,0,0,0,0,0,0,0,未观察到,0.1,False,0,0,0,0,未观察到,0.1,False,0,0,0,0,未观察到,0.1,False,0,0,0,0,未观察到,0.1,False,0,0,0,0,未观察到,0.1,False,0,0,0,0,未观察到,0.1,False,0,0,0,0
复活赛,东部赛区,中国科学技术大学,RoboWalker,步兵3,13,4810,5280,已证实,0.96,False,2,2,9,5,较强迹象,0.8,False,0,0,10,6,已证实,0.945,False,1,1,0,0,0,0,0,0,未观察到,0.1,False,0,0,0,0,未观察到,0.1,False,0,0,0,0,未观察到,0.1,False,0,0,0,0,未观察到,0.1,False,0,0,0,0,未观察到,0.1,False,0,0,0,0,未观察到,0.1,False,0,0,0,0
复活赛,东部赛区,中国科学技术大学,RoboWalker,步兵4,13,4946,5426,未观察到,0.1,False,0,0,0,0,较强迹象,0.8,False,0,0,11,4,未观察到,0.1,False,0,0,0,0,0,0,0,0,未观察到,0.1,False,0,0,0,0,未观察到,0.1,False,0,0,0,0,未观察到,0.1,False,0,0,0,0,未观察到,0.1,False,0,0,0,0,未观察到,0.1,False,0,0,0,0,未观察到,0.1,False,0,0,0,0
复活赛,东部赛区,中国科学技术大学,RoboWalker,哨兵,13,4714,5416,未观察到,0.1,False,0,0,0,0,未观察到,0.1,False,0,0,0,0,未观察到,0.1,False,0,0,0,0,0,0,0,0,未观察到,0.1,False,0,0,0,0,弱迹象,0.4,False,0,0,1,1,较强迹象,0.8,False,0,0,8,6,未观察到,0.1,False,0,0,0,0,未观察到,0.1,False,0,0,0,0,弱迹象,0.4,False,0,0,1,1
复活赛,东部赛区,中国矿业大学,CUBOT,英雄,16,6124,6673,未观察到,0.1,False,0,0,0,0,未观察到,0.1,False,0,0,0,0,未观察到,0.1,False,0,0,0,0,0,0,0,0,未观察到,0.1,False,0,0,0,0,未观察到,0.1,False,0,0,0,0,未观察到,0.1,False,0,0,0,0,未观察到,0.1,False,0,0,0,0,未观察到,0.1,False,0,0,0,0,未观察到,0.1,False,0,0,0,0
复活赛,东部赛区,中国矿业大学,CUBOT,工程,16,5334,6683,未观察到,0.1,False,0,0,0,0,已证实,0.96,False,2,2,0,0,未观察到,0.1,False,0,0,0,0,0,0,0,0,未观察到,0.1,False,0,0,0,0,未观察到,0.1,False,0,0,0,0,未观察到,0.1,False,0,0,0,0,未观察到,0.1,False,0,0,0,0,未观察到,0.1,False,0,0,0,0,未观察到,0.1,False,0,0,0,0
复活赛,东部赛区,中国矿业大学,CUBOT,步兵3,16,5337,6613,较强迹象,0.8,False,0,0,6,4,已证实,0.96,False,2,2,17,8,已证实,0.96,False,2,2,0,0,0,0,0,0,未观察到,0.1,False,0,0,0,0,未观察到,0.1,False,0,0,0,0,未观察到,0.1,False,0,0,0,0,未观察到,0.1,False,0,0,0,0,未观察到,0.1,False,0,0,0,0,弱迹象,0.4,False,0,0,1,1
复活赛,东部赛区,中国矿业大学,CUBOT,步兵4,16,5379,6505,已证实,0.99,False,22,10,27,11,已证实,0.975,False,4,3,16,9,已证实,0.99,False,4,4,0,0,0,0,0,0,未观察到,0.1,False,0,0,0,0,未观察到,0.1,False,0,0,0,0,未观察到,0.1,False,0,0,0,0,未观察到,0.1,False,0,0,0,0,未观察到,0.1,False,0,0,0,0,未观察到,0.1,False,0,0,0,0
复活赛,东部赛区,中国矿业大学,CUBOT,哨兵,16,6264,6644,未观察到,0.1,False,0,0,0,0,未观察到,0.1,False,0,0,0,0,未观察到,0.1,False,0,0,0,0,0,0,0,0,未观察到,0.1,False,0,0,0,0,未观察到,0.1,False,0,0,0,0,未观察到,0.1,False,0,0,0,0,未观察到,0.1,False,0,0,0,0,未观察到,0.1,False,0,0,0,0,未观察到,0.1,False,0,0,0,0
复活赛,北部赛区,山东理工大学,齐奇,英雄,17,6686,7109,已证实,0.96,False,3,2,3,2,已证实,0.99,False,9,5,26,10,已证实,0.945,False,1,1,0,0,0,0,0,0,未观察到,0.1,False,0,0,0,0,未观察到,0.1,False,0,0,0,0,未观察到,0.1,False,0,0,0,0,未观察到,0.1,False,0,0,0,0,未观察到,0.1,False,0,0,0,0,未观察到,0.1,False,0,0,0,0
复活赛,北部赛区,山东理工大学,齐奇,工程,16,6629,6684,已证实,0.99,False,8,7,22,13,已证实,0.945,False,1,1,1,1,未观察到,0.1,False,0,0,0,0,0,0,0,0,未观察到,0.1,False,0,0,0,0,未观察到,0.1,False,0,0,0,0,未观察到,0.1,False,0,0,0,0,未观察到,0.1,False,0,0,0,0,未观察到,0.1,False,0,0,0,0,未观察到,0.1,False,0,0,0,0
复活赛,北部赛区,山东理工大学,齐奇,步兵3,17,6370,7123,未观察到,0.1,False,0,0,0,0,未观察到,0.1,False,0,0,0,0,未观察到,0.1,False,0,0,0,0,0,0,0,0,未观察到,0.1,False,0,0,0,0,较强迹象,0.8,False,0,0,23,15,较强迹象,0.8,False,0,0,50,16,未观察到,0.1,False,0,0,0,0,未观察到,0.1,False,0,0,0,0,未观察到,0.1,False,0,0,0,0
复活赛,北部赛区,山东理工大学,齐奇,步兵4,17,5725,7086,已证实,0.99,False,23,14,23,12,已证实,0.99,False,6,5,31,12,已证实,0.99,False,12,9,8,8,8,8,0,0,未观察到,0.1,False,0,0,0,0,未观察到,0.1,False,0,0,0,0,可能具备,0.65,False,0,0,2,2,未观察到,0.1,False,0,0,0,0,未观察到,0.1,False,0,0,0,0,未观察到,0.1,False,0,0,0,0
复活赛,北部赛区,山东理工大学,齐奇,哨兵,17,7004,7123,未观察到,0.1,False,0,0,0,0,未观察到,0.1,False,0,0,0,0,未观察到,0.1,False,0,0,0,0,0,0,0,0,未观察到,0.1,False,0,0,0,0,未观察到,0.1,False,0,0,0,0,未观察到,0.1,False,0,0,0,0,未观察到,0.1,False,0,0,0,0,未观察到,0.1,False,0,0,0,0,未观察到,0.1,False,0,0,0,0
复活赛,北部赛区,沈阳理工大学,Ambition,英雄,17,4981,7106,较强迹象,0.8,False,0,0,10,9,可能具备,0.65,False,0,0,2,2,未观察到,0.1,False,0,0,0,0,0,0,0,0,较强迹象,0.8,False,0,0,15,10,未观察到,0.1,False,0,0,0,0,未观察到,0.1,False,0,0,0,0,未观察到,0.1,False,0,0,0,0,未观察到,0.1,False,0,0,0,0,未观察到,0.1,False,0,0,0,0
复活赛,北部赛区,沈阳理工大学,Ambition,工程,14,5265,5863,未观察到,0.1,False,0,0,0,0,未观察到,0.1,False,0,0,0,0,未观察到,0.1,False,0,0,0,0,0,0,0,0,较强迹象,0.8,False,0,0,39,12,未观察到,0.1,False,0,0,0,0,未观察到,0.1,False,0,0,0,0,未观察到,0.1,False,0,0,0,0,未观察到,0.1,False,0,0,0,0,未观察到,0.1,False,0,0,0,0
复活赛,北部赛区,沈阳理工大学,Ambition,步兵3,17,5895,7121,未观察到,0.1,False,0,0,0,0,弱迹象,0.4,False,0,0,1,1,未观察到,0.1,False,0,0,0,0,0,0,0,0,未观察到,0.1,False,0,0,0,0,较强迹象,0.8,False,0,0,15,9,较强迹象,0.8,False,0,0,65,16,未观察到,0.1,False,0,0,0,0,未观察到,0.1,False,0,0,0,0,未观察到,0.1,False,0,0,0,0
复活赛,北部赛区,沈阳理工大学,Ambition,步兵4,17,6175,7107,可能具备,0.65,False,0,0,2,2,已证实,0.945,False,1,1,1,1,已证实,0.945,False,1,1,0,0,0,0,0,0,较强迹象,0.8,False,0,0,3,2,较强迹象,0.8,False,0,0,10,6,较强迹象,0.8,False,0,0,52,14,未观察到,0.1,False,0,0,0,0,未观察到,0.1,False,0,0,0,0,未观察到,0.1,False,0,0,0,0
复活赛,北部赛区,沈阳理工大学,Ambition,哨兵,15,5446,6285,未观察到,0.1,False,0,0,0,0,未观察到,0.1,False,0,0,0,0,未观察到,0.1,False,0,0,0,0,0,0,0,0,未观察到,0.1,False,0,0,0,0,未观察到,0.1,False,0,0,0,0,未观察到,0.1,False,0,0,0,0,未观察到,0.1,False,0,0,0,0,未观察到,0.1,False,0,0,0,0,未观察到,0.1,False,0,0,0,0
复活赛,北部赛区,西安电子科技大学,IRobot,英雄,13,4915,5427,未观察到,0.1,False,0,0,0,0,未观察到,0.1,False,0,0,0,0,未观察到,0.1,False,0,0,0,0,0,0,0,0,未观察到,0.1,False,0,0,0,0,未观察到,0.1,False,0,0,0,0,未观察到,0.1,False,0,0,0,0,未观察到,0.1,False,0,0,0,0,未观察到,0.1,False,0,0,0,0,未观察到,0.1,False,0,0,0,0
复活赛,北部赛区,西安电子科技大学,IRobot,工程,13,4959,5444,未观察到,0.1,False,0,0,0,0,未观察到,0.1,False,0,0,0,0,未观察到,0.1,False,0,0,0,0,0,0,0,0,未观察到,0.1,False,0,0,0,0,较强迹象,0.8,False,0,0,30,13,未观察到,0.1,False,0,0,0,0,未观察到,0.1,False,0,0,0,0,未观察到,0.1,False,0,0,0,0,未观察到,0.1,False,0,0,0,0
复活赛,北部赛区,西安电子科技大学,IRobot,步兵3,13,4552,5442,较强迹象,0.8,False,0,0,12,7,较强迹象,0.8,False,0,0,24,9,已证实,0.99,False,6,6,4,4,4,4,0,0,未观察到,0.1,False,0,0,0,0,未观察到,0.1,False,0,0,0,0,弱迹象,0.4,False,0,0,1,1,未观察到,0.1,False,0,0,0,0,未观察到,0.1,False,0,0,0,0,未观察到,0.1,False,0,0,0,0
复活赛,北部赛区,西安电子科技大学,IRobot,步兵4,13,4759,5427,已证实,0.945,False,1,1,4,4,已证实,0.96,False,4,2,10,6,已证实,0.96,False,2,2,0,0,0,0,0,0,较强迹象,0.8,False,0,0,10,3,未观察到,0.1,False,0,0,0,0,未观察到,0.1,False,0,0,0,0,弱迹象,0.4,False,0,0,1,1,弱迹象,0.4,False,0,0,1,1,未观察到,0.1,False,0,0,0,0
复活赛,北部赛区,西安电子科技大学,IRobot,哨兵,13,5313,5443,未观察到,0.1,False,0,0,0,0,未观察到,0.1,False,0,0,0,0,未观察到,0.1,False,0,0,0,0,0,0,0,0,未观察到,0.1,False,0,0,0,0,未观察到,0.1,False,0,0,0,0,未观察到,0.1,False,0,0,0,0,未观察到,0.1,False,0,0,0,0,未观察到,0.1,False,0,0,0,0,未观察到,0.1,False,0,0,0,0
复活赛,北部赛区,应急管理大学,风暴,英雄,14,5221,5862,未观察到,0.1,False,0,0,0,0,未观察到,0.1,False,0,0,0,0,未观察到,0.1,False,0,0,0,0,0,0,0,0,未观察到,0.1,False,0,0,0,0,未观察到,0.1,False,0,0,0,0,未观察到,0.1,False,0,0,0,0,未观察到,0.1,False,0,0,0,0,弱迹象,0.4,False,0,0,1,1,未观察到,0.1,False,0,0,0,0
复活赛,北部赛区,应急管理大学,风暴,工程,14,5641,5866,已证实,0.99,False,28,14,45,14,已证实,0.975,False,3,3,6,4,未观察到,0.1,False,0,0,0,0,0,0,0,0,未观察到,0.1,False,0,0,0,0,未观察到,0.1,False,0,0,0,0,未观察到,0.1,False,0,0,0,0,未观察到,0.1,False,0,0,0,0,未观察到,0.1,False,0,0,0,0,未观察到,0.1,False,0,0,0,0
复活赛,北部赛区,应急管理大学,风暴,步兵3,14,4348,5822,已证实,0.99,False,10,7,19,9,较强迹象,0.8,False,0,0,3,3,未观察到,0.1,False,0,0,0,0,0,0,0,0,未观察到,0.1,False,0,0,0,0,弱迹象,0.4,False,0,0,1,1,较强迹象,0.8,False,0,0,5,3,未观察到,0.1,False,0,0,0,0,未观察到,0.1,False,0,0,0,0,未观察到,0.1,False,0,0,0,0
复活赛,北部赛区,应急管理大学,风暴,步兵4,14,4532,5776,未观察到,0.1,False,0,0,0,0,未观察到,0.1,False,0,0,0,0,未观察到,0.1,False,0,0,0,0,0,0,0,0,未观察到,0.1,False,0,0,0,0,较强迹象,0.8,False,0,0,14,9,较强迹象,0.8,False,0,0,42,12,未观察到,0.1,False,0,0,0,0,未观察到,0.1,False,0,0,0,0,未观察到,0.1,False,0,0,0,0
复活赛,北部赛区,应急管理大学,风暴,哨兵,14,5598,5842,未观察到,0.1,False,0,0,0,0,未观察到,0.1,False,0,0,0,0,未观察到,0.1,False,0,0,0,0,0,0,0,0,未观察到,0.1,False,0,0,0,0,较强迹象,0.8,False,0,0,3,2,较强迹象,0.8,False,0,0,4,2,未观察到,0.1,False,0,0,0,0,未观察到,0.1,False,0,0,0,0,未观察到,0.1,False,0,0,0,0
